link_key,counts,pems_ids,date,hour
"(0, 1621, '0')",,[],2020-10-03,17
"(61, 93, '0')",,[],2020-10-03,17
"(61, 51, '0')",,[],2020-10-03,17
"(57, 51, '0')",,[],2020-10-03,17
"(708, 9, '0')",,[],2020-10-03,17
"(319, 9, '0')",,[],2020-10-03,17
"(708, 738, '0')",,[],2020-10-03,17
"(708, 733, '0')",,[],2020-10-03,17
"(1556, 1731, '0')",,[],2020-10-03,17
"(160, 95, '0')",,[],2020-10-03,17
"(2, 43, '0')",1396.000,[601346],2020-10-03,17
"(99, 43, '0')",1872.000,[601346],2020-10-03,17
"(369, 164, '0')",1704.000,[601209],2020-10-03,17
"(669, 164, '0')",1572.000,[601209],2020-10-03,17
"(3, 38, '0')",1284.000,"[601411, 602411]",2020-10-03,17
"(3, 19, '0')",3584.000,[601411],2020-10-03,17
"(4, 465, '0')",,[],2020-10-03,17
"(361, 412, '0')",411.000,[602210],2020-10-03,17
"(205, 412, '0')",411.000,[602210],2020-10-03,17
"(473, 4, '0')",1547.000,"[601413, 602413]",2020-10-03,17
"(252, 4, '0')",1719.200,[602413],2020-10-03,17
"(5, 519, '0')",,[],2020-10-03,17
"(5, 35, '0')",,[],2020-10-03,17
"(91, 35, '0')",,[],2020-10-03,17
"(510, 35, '0')",,[],2020-10-03,17
"(6, 539, '0')",,[],2020-10-03,17
"(166, 539, '0')",,[],2020-10-03,17
"(557, 539, '0')",,[],2020-10-03,17
"(6, 17, '0')",,[],2020-10-03,17
"(213, 17, '0')",,[],2020-10-03,17
"(830, 17, '0')",,[],2020-10-03,17
"(865, 17, '0')",,[],2020-10-03,17
"(493, 250, '0')",1279.500,"[601215, 602215]",2020-10-03,17
"(253, 250, '0')",1565.400,[602215],2020-10-03,17
"(7, 559, '0')",,[],2020-10-03,17
"(8, 640, '0')",558.000,[602345],2020-10-03,17
"(105, 82, '0')",,[],2020-10-03,17
"(105, 23, '0')",,[],2020-10-03,17
"(62, 23, '0')",,[],2020-10-03,17
"(95, 23, '0')",,[],2020-10-03,17
"(9, 708, '0')",,[],2020-10-03,17
"(707, 708, '0')",,[],2020-10-03,17
"(737, 708, '0')",,[],2020-10-03,17
"(9, 1230, '0')",,[],2020-10-03,17
"(82, 237, '0')",,[],2020-10-03,17
"(144, 237, '0')",,[],2020-10-03,17
"(62, 144, '0')",,[],2020-10-03,17
"(48, 144, '0')",,[],2020-10-03,17
"(57, 55, '0')",,[],2020-10-03,17
"(56, 55, '0')",,[],2020-10-03,17
"(93, 55, '0')",,[],2020-10-03,17
"(580, 142, '0')",1764.000,[602541],2020-10-03,17
"(12, 77, '0')",948.333,"[601529, 602259]",2020-10-03,17
"(143, 579, '0')",1492.000,[601541],2020-10-03,17
"(1217, 10, '0')",,[],2020-10-03,17
"(561, 10, '0')",,[],2020-10-03,17
"(1217, 1196, '0')",,[],2020-10-03,17
"(14, 414, '0')",,[],2020-10-03,17
"(577, 580, '0')",,[],2020-10-03,17
"(15, 14, '0')",,[],2020-10-03,17
"(579, 647, '0')",,[],2020-10-03,17
"(16, 221, '0')",,[],2020-10-03,17
"(873, 221, '0')",,[],2020-10-03,17
"(904, 221, '0')",,[],2020-10-03,17
"(1308, 221, '0')",,[],2020-10-03,17
"(16, 895, '0')",,[],2020-10-03,17
"(111, 895, '0')",,[],2020-10-03,17
"(17, 1250, '0')",,[],2020-10-03,17
"(1252, 1250, '0')",,[],2020-10-03,17
"(570, 1250, '0')",,[],2020-10-03,17
"(17, 6, '0')",,[],2020-10-03,17
"(539, 6, '0')",,[],2020-10-03,17
"(17, 1275, '0')",,[],2020-10-03,17
"(17, 213, '0')",,[],2020-10-03,17
"(847, 213, '0')",,[],2020-10-03,17
"(712, 728, '0')",,[],2020-10-03,17
"(712, 706, '0')",,[],2020-10-03,17
"(703, 706, '0')",,[],2020-10-03,17
"(715, 706, '0')",,[],2020-10-03,17
"(717, 706, '0')",,[],2020-10-03,17
"(729, 712, '0')",,[],2020-10-03,17
"(706, 712, '0')",,[],2020-10-03,17
"(70, 147, '0')",1092.500,"[601217, 601219]",2020-10-03,17
"(18, 1303, '0')",,[],2020-10-03,17
"(34, 1303, '0')",,[],2020-10-03,17
"(18, 5, '0')",,[],2020-10-03,17
"(150, 32, '0')",,[],2020-10-03,17
"(150, 287, '0')",,[],2020-10-03,17
"(560, 238, '0')",,[],2020-10-03,17
"(19, 309, '0')",3584.000,[601411],2020-10-03,17
"(135, 309, '0')",,[],2020-10-03,17
"(558, 115, '0')",703.000,"[601218, 602218]",2020-10-03,17
"(10, 1217, '0')",,[],2020-10-03,17
"(1214, 1217, '0')",,[],2020-10-03,17
"(1216, 1217, '0')",,[],2020-10-03,17
"(10, 1285, '0')",,[],2020-10-03,17
"(127, 555, '0')",,[],2020-10-03,17
"(1555, 1730, '0')",,[],2020-10-03,17
"(22, 76, '0')",,[],2020-10-03,17
"(23, 57, '0')",,[],2020-10-03,17
"(23, 7, '0')",,[],2020-10-03,17
"(1554, 1729, '0')",,[],2020-10-03,17
"(545, 557, '0')",,[],2020-10-03,17
"(41, 548, '0')",744.000,"[601417, 602417]",2020-10-03,17
"(373, 668, '0')",,[],2020-10-03,17
"(30, 668, '0')",,[],2020-10-03,17
"(672, 551, '0')",,[],2020-10-03,17
"(527, 524, '0')",,[],2020-10-03,17
"(25, 27, '0')",,[],2020-10-03,17
"(446, 27, '0')",,[],2020-10-03,17
"(670, 27, '0')",,[],2020-10-03,17
"(26, 37, '0')",,[],2020-10-03,17
"(225, 37, '0')",,[],2020-10-03,17
"(503, 37, '0')",,[],2020-10-03,17
"(514, 517, '0')",,[],2020-10-03,17
"(27, 447, '0')",,[],2020-10-03,17
"(27, 670, '0')",,[],2020-10-03,17
"(29, 670, '0')",,[],2020-10-03,17
"(27, 452, '0')",989.000,"[601213, 602213]",2020-10-03,17
"(534, 537, '0')",,[],2020-10-03,17
"(513, 510, '0')",,[],2020-10-03,17
"(11, 1048, '0')",,[],2020-10-03,17
"(451, 1048, '0')",,[],2020-10-03,17
"(29, 1041, '0')",,[],2020-10-03,17
"(29, 1045, '0')",,[],2020-10-03,17
"(29, 451, '0')",,[],2020-10-03,17
"(1048, 451, '0')",,[],2020-10-03,17
"(529, 532, '0')",,[],2020-10-03,17
"(519, 522, '0')",,[],2020-10-03,17
"(498, 501, '0')",1162.000,"[601414, 602414]",2020-10-03,17
"(348, 350, '0')",,[],2020-10-03,17
"(110, 131, '0')",,[],2020-10-03,17
"(287, 131, '0')",,[],2020-10-03,17
"(110, 106, '0')",,[],2020-10-03,17
"(32, 106, '0')",,[],2020-10-03,17
"(107, 106, '0')",,[],2020-10-03,17
"(471, 473, '0')",1547.000,"[601413, 602413]",2020-10-03,17
"(33, 840, '0')",,[],2020-10-03,17
"(839, 840, '0')",,[],2020-10-03,17
"(853, 840, '0')",,[],2020-10-03,17
"(854, 840, '0')",,[],2020-10-03,17
"(33, 209, '0')",,[],2020-10-03,17
"(222, 209, '0')",,[],2020-10-03,17
"(542, 209, '0')",,[],2020-10-03,17
"(34, 1305, '0')",,[],2020-10-03,17
"(1304, 1305, '0')",,[],2020-10-03,17
"(34, 893, '0')",,[],2020-10-03,17
"(34, 1515, '0')",,[],2020-10-03,17
"(488, 486, '0')",1350.500,"[601214, 602214]",2020-10-03,17
"(464, 461, '0')",1410.000,"[601412, 602412]",2020-10-03,17
"(35, 130, '0')",,[],2020-10-03,17
"(35, 91, '0')",,[],2020-10-03,17
"(1306, 91, '0')",,[],2020-10-03,17
"(491, 493, '0')",1375.500,"[601215, 602215]",2020-10-03,17
"(477, 479, '0')",,[],2020-10-03,17
"(36, 498, '0')",1398.000,"[601414, 602414]",2020-10-03,17
"(36, 26, '0')",,[],2020-10-03,17
"(36, 40, '0')",,[],2020-10-03,17
"(495, 40, '0')",,[],2020-10-03,17
"(483, 484, '0')",,[],2020-10-03,17
"(452, 673, '0')",1625.500,"[601213, 602213]",2020-10-03,17
"(37, 225, '0')",,[],2020-10-03,17
"(1364, 225, '0')",,[],2020-10-03,17
"(37, 97, '0')",,[],2020-10-03,17
"(37, 247, '0')",1277.000,"[601205, 602205]",2020-10-03,17
"(245, 247, '0')",985.500,"[601205, 602205]",2020-10-03,17
"(119, 216, '0')",,[],2020-10-03,17
"(46, 216, '0')",,[],2020-10-03,17
"(119, 118, '0')",,[],2020-10-03,17
"(124, 118, '0')",,[],2020-10-03,17
"(555, 118, '0')",,[],2020-10-03,17
"(24, 446, '0')",,[],2020-10-03,17
"(38, 39, '0')",1237.500,"[601411, 602411]",2020-10-03,17
"(424, 381, '0')",,[],2020-10-03,17
"(618, 620, '0')",980.000,[601522],2020-10-03,17
"(417, 419, '0')",,[],2020-10-03,17
"(39, 444, '0')",1237.500,"[601411, 602411]",2020-10-03,17
"(447, 444, '0')",,[],2020-10-03,17
"(448, 444, '0')",,[],2020-10-03,17
"(40, 36, '0')",,[],2020-10-03,17
"(497, 36, '0')",,[],2020-10-03,17
"(97, 36, '0')",,[],2020-10-03,17
"(40, 495, '0')",,[],2020-10-03,17
"(224, 495, '0')",,[],2020-10-03,17
"(909, 495, '0')",,[],2020-10-03,17
"(939, 495, '0')",,[],2020-10-03,17
"(657, 652, '0')",,[],2020-10-03,17
"(392, 393, '0')",,[],2020-10-03,17
"(21, 187, '0')",,[],2020-10-03,17
"(624, 621, '0')",1368.000,[602522],2020-10-03,17
"(288, 133, '0')",1368.000,[602522],2020-10-03,17
"(43, 179, '0')",,[],2020-10-03,17
"(320, 179, '0')",,[],2020-10-03,17
"(649, 654, '0')",,[],2020-10-03,17
"(44, 177, '0')",1553.000,[603108],2020-10-03,17
"(654, 603, '0')",,[],2020-10-03,17
"(601, 603, '0')",,[],2020-10-03,17
"(45, 214, '0')",1804.600,[602216],2020-10-03,17
"(295, 299, '0')",,[],2020-10-03,17
"(47, 150, '0')",2005.000,[602542],2020-10-03,17
"(312, 320, '0')",,[],2020-10-03,17
"(324, 307, '0')",,[],2020-10-03,17
"(49, 146, '0')",501.000,[614163],2020-10-03,17
"(326, 328, '0')",,[],2020-10-03,17
"(208, 68, '0')",,[],2020-10-03,17
"(1, 68, '0')",,[],2020-10-03,17
"(50, 219, '0')",,[],2020-10-03,17
"(68, 303, '0')",633.000,[601529],2020-10-03,17
"(77, 303, '0')",1166.000,[602529],2020-10-03,17
"(51, 64, '0')",1029.000,"[601217, 601219]",2020-10-03,17
"(147, 64, '0')",1092.500,"[601217, 601219]",2020-10-03,17
"(52, 12, '0')",,[],2020-10-03,17
"(65, 293, '0')",,[],2020-10-03,17
"(13, 2, '0')",,[],2020-10-03,17
"(1089, 1088, '0')",,[],2020-10-03,17
"(1062, 1088, '0')",,[],2020-10-03,17
"(640, 1089, '0')",,[],2020-10-03,17
"(640, 638, '0')",,[],2020-10-03,17
"(1088, 1094, '0')",,[],2020-10-03,17
"(1088, 1091, '0')",,[],2020-10-03,17
"(1062, 1091, '0')",,[],2020-10-03,17
"(1088, 1062, '0')",,[],2020-10-03,17
"(1083, 1062, '0')",,[],2020-10-03,17
"(1433, 1062, '0')",,[],2020-10-03,17
"(1097, 1101, '0')",,[],2020-10-03,17
"(1097, 1099, '0')",,[],2020-10-03,17
"(1084, 1099, '0')",,[],2020-10-03,17
"(1097, 1084, '0')",,[],2020-10-03,17
"(1086, 1084, '0')",,[],2020-10-03,17
"(1113, 1084, '0')",,[],2020-10-03,17
"(55, 0, '0')",,[],2020-10-03,17
"(55, 62, '0')",,[],2020-10-03,17
"(606, 59, '0')",,[],2020-10-03,17
"(883, 59, '0')",,[],2020-10-03,17
"(56, 70, '0')",1092.500,"[601217, 601219]",2020-10-03,17
"(59, 1501, '0')",,[],2020-10-03,17
"(59, 883, '0')",,[],2020-10-03,17
"(60, 883, '0')",,[],2020-10-03,17
"(841, 883, '0')",,[],2020-10-03,17
"(1284, 883, '0')",,[],2020-10-03,17
"(784, 777, '0')",,[],2020-10-03,17
"(787, 777, '0')",,[],2020-10-03,17
"(784, 785, '0')",,[],2020-10-03,17
"(366, 785, '0')",,[],2020-10-03,17
"(784, 786, '0')",,[],2020-10-03,17
"(364, 786, '0')",,[],2020-10-03,17
"(784, 775, '0')",,[],2020-10-03,17
"(755, 775, '0')",,[],2020-10-03,17
"(1553, 1728, '0')",,[],2020-10-03,17
"(777, 784, '0')",,[],2020-10-03,17
"(785, 784, '0')",,[],2020-10-03,17
"(786, 784, '0')",,[],2020-10-03,17
"(775, 784, '0')",,[],2020-10-03,17
"(777, 787, '0')",,[],2020-10-03,17
"(770, 787, '0')",,[],2020-10-03,17
"(785, 1330, '0')",,[],2020-10-03,17
"(786, 1323, '0')",,[],2020-10-03,17
"(1232, 20, '0')",,[],2020-10-03,17
"(563, 20, '0')",,[],2020-10-03,17
"(1232, 1231, '0')",,[],2020-10-03,17
"(20, 1232, '0')",,[],2020-10-03,17
"(1228, 1232, '0')",,[],2020-10-03,17
"(1233, 1232, '0')",,[],2020-10-03,17
"(20, 1392, '0')",,[],2020-10-03,17
"(564, 31, '0')",,[],2020-10-03,17
"(1227, 31, '0')",,[],2020-10-03,17
"(31, 1393, '0')",,[],2020-10-03,17
"(31, 1227, '0')",,[],2020-10-03,17
"(1237, 1227, '0')",,[],2020-10-03,17
"(1557, 1732, '0')",,[],2020-10-03,17
"(183, 330, '0')",1608.000,[601348],2020-10-03,17
"(183, 676, '0')",1600.500,[601348],2020-10-03,17
"(497, 248, '0')",,[],2020-10-03,17
"(1227, 1228, '0')",,[],2020-10-03,17
"(64, 75, '0')",,[],2020-10-03,17
"(333, 332, '0')",1299.000,[602348],2020-10-03,17
"(169, 332, '0')",1758.000,[602348],2020-10-03,17
"(66, 818, '0')",,[],2020-10-03,17
"(323, 818, '0')",,[],2020-10-03,17
"(66, 206, '0')",,[],2020-10-03,17
"(569, 206, '0')",,[],2020-10-03,17
"(744, 206, '0')",,[],2020-10-03,17
"(1621, 206, '0')",,[],2020-10-03,17
"(1552, 1727, '0')",,[],2020-10-03,17
"(1551, 1726, '0')",,[],2020-10-03,17
"(1550, 1725, '0')",,[],2020-10-03,17
"(1549, 1724, '0')",,[],2020-10-03,17
"(920, 924, '0')",,[],2020-10-03,17
"(903, 924, '0')",,[],2020-10-03,17
"(920, 1522, '0')",,[],2020-10-03,17
"(924, 920, '0')",,[],2020-10-03,17
"(480, 920, '0')",,[],2020-10-03,17
"(924, 903, '0')",,[],2020-10-03,17
"(905, 903, '0')",,[],2020-10-03,17
"(906, 903, '0')",,[],2020-10-03,17
"(921, 903, '0')",,[],2020-10-03,17
"(69, 181, '0')",,[],2020-10-03,17
"(827, 54, '0')",,[],2020-10-03,17
"(573, 54, '0')",,[],2020-10-03,17
"(827, 58, '0')",,[],2020-10-03,17
"(572, 58, '0')",,[],2020-10-03,17
"(827, 825, '0')",,[],2020-10-03,17
"(827, 828, '0')",,[],2020-10-03,17
"(54, 827, '0')",,[],2020-10-03,17
"(58, 827, '0')",,[],2020-10-03,17
"(1255, 827, '0')",,[],2020-10-03,17
"(1256, 827, '0')",,[],2020-10-03,17
"(54, 1396, '0')",,[],2020-10-03,17
"(58, 1394, '0')",,[],2020-10-03,17
"(883, 60, '0')",,[],2020-10-03,17
"(605, 60, '0')",,[],2020-10-03,17
"(883, 841, '0')",,[],2020-10-03,17
"(868, 841, '0')",,[],2020-10-03,17
"(879, 841, '0')",,[],2020-10-03,17
"(881, 841, '0')",,[],2020-10-03,17
"(883, 1284, '0')",,[],2020-10-03,17
"(1281, 1284, '0')",,[],2020-10-03,17
"(74, 845, '0')",,[],2020-10-03,17
"(109, 845, '0')",,[],2020-10-03,17
"(74, 218, '0')",,[],2020-10-03,17
"(839, 218, '0')",,[],2020-10-03,17
"(843, 218, '0')",,[],2020-10-03,17
"(846, 218, '0')",,[],2020-10-03,17
"(75, 50, '0')",2524.000,[624163],2020-10-03,17
"(76, 425, '0')",,[],2020-10-03,17
"(76, 698, '0')",,[],2020-10-03,17
"(78, 103, '0')",,[],2020-10-03,17
"(1548, 1723, '0')",,[],2020-10-03,17
"(79, 1026, '0')",,[],2020-10-03,17
"(449, 1026, '0')",,[],2020-10-03,17
"(1027, 1026, '0')",,[],2020-10-03,17
"(1029, 1026, '0')",,[],2020-10-03,17
"(60, 1503, '0')",,[],2020-10-03,17
"(53, 847, '0')",,[],2020-10-03,17
"(213, 847, '0')",,[],2020-10-03,17
"(1547, 1722, '0')",,[],2020-10-03,17
"(1546, 1721, '0')",,[],2020-10-03,17
"(1545, 1720, '0')",,[],2020-10-03,17
"(1544, 1719, '0')",,[],2020-10-03,17
"(1543, 1718, '0')",,[],2020-10-03,17
"(84, 201, '0')",,[],2020-10-03,17
"(85, 8, '0')",558.000,[602345],2020-10-03,17
"(1542, 1717, '0')",,[],2020-10-03,17
"(1541, 1716, '0')",,[],2020-10-03,17
"(1007, 63, '0')",,[],2020-10-03,17
"(658, 63, '0')",,[],2020-10-03,17
"(1007, 67, '0')",,[],2020-10-03,17
"(656, 67, '0')",,[],2020-10-03,17
"(1007, 1008, '0')",,[],2020-10-03,17
"(984, 1008, '0')",,[],2020-10-03,17
"(1007, 1009, '0')",,[],2020-10-03,17
"(986, 1009, '0')",,[],2020-10-03,17
"(86, 189, '0')",2786.000,[601344],2020-10-03,17
"(86, 325, '0')",1942.000,[601344],2020-10-03,17
"(87, 228, '0')",1513.000,[602350],2020-10-03,17
"(63, 1007, '0')",,[],2020-10-03,17
"(67, 1007, '0')",,[],2020-10-03,17
"(1008, 1007, '0')",,[],2020-10-03,17
"(1009, 1007, '0')",,[],2020-10-03,17
"(63, 1548, '0')",,[],2020-10-03,17
"(67, 1549, '0')",,[],2020-10-03,17
"(91, 514, '0')",,[],2020-10-03,17
"(91, 1308, '0')",,[],2020-10-03,17
"(615, 1308, '0')",,[],2020-10-03,17
"(1409, 71, '0')",,[],2020-10-03,17
"(655, 71, '0')",,[],2020-10-03,17
"(1409, 72, '0')",,[],2020-10-03,17
"(653, 72, '0')",,[],2020-10-03,17
"(1409, 1021, '0')",,[],2020-10-03,17
"(979, 1021, '0')",,[],2020-10-03,17
"(1409, 1020, '0')",,[],2020-10-03,17
"(481, 1020, '0')",,[],2020-10-03,17
"(71, 1409, '0')",,[],2020-10-03,17
"(72, 1409, '0')",,[],2020-10-03,17
"(1020, 1409, '0')",,[],2020-10-03,17
"(1021, 1409, '0')",,[],2020-10-03,17
"(71, 1552, '0')",,[],2020-10-03,17
"(72, 1553, '0')",,[],2020-10-03,17
"(1051, 73, '0')",,[],2020-10-03,17
"(679, 73, '0')",,[],2020-10-03,17
"(1051, 81, '0')",,[],2020-10-03,17
"(678, 81, '0')",,[],2020-10-03,17
"(1051, 1441, '0')",,[],2020-10-03,17
"(1029, 1441, '0')",,[],2020-10-03,17
"(1051, 1442, '0')",,[],2020-10-03,17
"(1443, 1442, '0')",,[],2020-10-03,17
"(98, 290, '0')",1513.000,[602350],2020-10-03,17
"(171, 290, '0')",1513.000,[602350],2020-10-03,17
"(73, 1051, '0')",,[],2020-10-03,17
"(81, 1051, '0')",,[],2020-10-03,17
"(1441, 1051, '0')",,[],2020-10-03,17
"(1442, 1051, '0')",,[],2020-10-03,17
"(73, 1565, '0')",,[],2020-10-03,17
"(100, 30, '0')",,[],2020-10-03,17
"(365, 30, '0')",,[],2020-10-03,17
"(81, 1564, '0')",,[],2020-10-03,17
"(101, 178, '0')",1000.000,"[601211, 602211]",2020-10-03,17
"(102, 190, '0')",,[],2020-10-03,17
"(103, 195, '0')",,[],2020-10-03,17
"(96, 894, '0')",,[],2020-10-03,17
"(508, 894, '0')",,[],2020-10-03,17
"(1462, 89, '0')",,[],2020-10-03,17
"(997, 89, '0')",,[],2020-10-03,17
"(1462, 90, '0')",,[],2020-10-03,17
"(1001, 90, '0')",,[],2020-10-03,17
"(1462, 1133, '0')",,[],2020-10-03,17
"(1110, 1133, '0')",,[],2020-10-03,17
"(1462, 1131, '0')",,[],2020-10-03,17
"(1123, 1131, '0')",,[],2020-10-03,17
"(89, 1462, '0')",,[],2020-10-03,17
"(90, 1462, '0')",,[],2020-10-03,17
"(1131, 1462, '0')",,[],2020-10-03,17
"(1133, 1462, '0')",,[],2020-10-03,17
"(89, 1587, '0')",,[],2020-10-03,17
"(106, 107, '0')",,[],2020-10-03,17
"(158, 107, '0')",,[],2020-10-03,17
"(106, 558, '0')",703.000,"[601218, 602218]",2020-10-03,17
"(106, 119, '0')",,[],2020-10-03,17
"(107, 158, '0')",,[],2020-10-03,17
"(817, 158, '0')",,[],2020-10-03,17
"(90, 1588, '0')",,[],2020-10-03,17
"(1540, 1715, '0')",,[],2020-10-03,17
"(1539, 1714, '0')",,[],2020-10-03,17
"(1245, 835, '0')",,[],2020-10-03,17
"(808, 835, '0')",,[],2020-10-03,17
"(1245, 1241, '0')",,[],2020-10-03,17
"(833, 1241, '0')",,[],2020-10-03,17
"(565, 1241, '0')",,[],2020-10-03,17
"(1245, 1401, '0')",,[],2020-10-03,17
"(835, 1245, '0')",,[],2020-10-03,17
"(1241, 1245, '0')",,[],2020-10-03,17
"(566, 1245, '0')",,[],2020-10-03,17
"(835, 808, '0')",,[],2020-10-03,17
"(810, 808, '0')",,[],2020-10-03,17
"(811, 808, '0')",,[],2020-10-03,17
"(838, 808, '0')",,[],2020-10-03,17
"(1473, 92, '0')",,[],2020-10-03,17
"(1093, 92, '0')",,[],2020-10-03,17
"(1473, 94, '0')",,[],2020-10-03,17
"(1095, 94, '0')",,[],2020-10-03,17
"(1473, 1474, '0')",,[],2020-10-03,17
"(914, 1474, '0')",,[],2020-10-03,17
"(1473, 1475, '0')",,[],2020-10-03,17
"(915, 1475, '0')",,[],2020-10-03,17
"(92, 1473, '0')",,[],2020-10-03,17
"(94, 1473, '0')",,[],2020-10-03,17
"(1474, 1473, '0')",,[],2020-10-03,17
"(1475, 1473, '0')",,[],2020-10-03,17
"(92, 1610, '0')",,[],2020-10-03,17
"(94, 1611, '0')",,[],2020-10-03,17
"(115, 45, '0')",703.000,"[601218, 602218]",2020-10-03,17
"(131, 45, '0')",1323.000,[601218],2020-10-03,17
"(1353, 112, '0')",,[],2020-10-03,17
"(625, 112, '0')",,[],2020-10-03,17
"(1353, 113, '0')",,[],2020-10-03,17
"(627, 113, '0')",,[],2020-10-03,17
"(1353, 1352, '0')",,[],2020-10-03,17
"(1358, 1352, '0')",,[],2020-10-03,17
"(1353, 1351, '0')",,[],2020-10-03,17
"(1354, 1351, '0')",,[],2020-10-03,17
"(112, 1353, '0')",,[],2020-10-03,17
"(113, 1353, '0')",,[],2020-10-03,17
"(1351, 1353, '0')",,[],2020-10-03,17
"(1352, 1353, '0')",,[],2020-10-03,17
"(112, 1528, '0')",,[],2020-10-03,17
"(118, 560, '0')",,[],2020-10-03,17
"(118, 110, '0')",,[],2020-10-03,17
"(118, 124, '0')",,[],2020-10-03,17
"(128, 124, '0')",,[],2020-10-03,17
"(113, 1527, '0')",,[],2020-10-03,17
"(1538, 1713, '0')",,[],2020-10-03,17
"(1430, 114, '0')",,[],2020-10-03,17
"(730, 114, '0')",,[],2020-10-03,17
"(1430, 120, '0')",,[],2020-10-03,17
"(731, 120, '0')",,[],2020-10-03,17
"(1430, 1107, '0')",,[],2020-10-03,17
"(1105, 1107, '0')",,[],2020-10-03,17
"(1430, 1108, '0')",,[],2020-10-03,17
"(1177, 1108, '0')",,[],2020-10-03,17
"(1416, 116, '0')",,[],2020-10-03,17
"(674, 116, '0')",,[],2020-10-03,17
"(1416, 117, '0')",,[],2020-10-03,17
"(661, 117, '0')",,[],2020-10-03,17
"(1416, 1057, '0')",,[],2020-10-03,17
"(1416, 1064, '0')",,[],2020-10-03,17
"(1077, 1064, '0')",,[],2020-10-03,17
"(116, 1416, '0')",,[],2020-10-03,17
"(117, 1416, '0')",,[],2020-10-03,17
"(1058, 1416, '0')",,[],2020-10-03,17
"(1077, 1416, '0')",,[],2020-10-03,17
"(116, 1563, '0')",,[],2020-10-03,17
"(117, 1562, '0')",,[],2020-10-03,17
"(124, 128, '0')",,[],2020-10-03,17
"(159, 128, '0')",,[],2020-10-03,17
"(804, 128, '0')",,[],2020-10-03,17
"(826, 128, '0')",,[],2020-10-03,17
"(114, 1430, '0')",,[],2020-10-03,17
"(120, 1430, '0')",,[],2020-10-03,17
"(1107, 1430, '0')",,[],2020-10-03,17
"(1108, 1430, '0')",,[],2020-10-03,17
"(114, 1571, '0')",,[],2020-10-03,17
"(120, 1572, '0')",,[],2020-10-03,17
"(1537, 1712, '0')",,[],2020-10-03,17
"(128, 157, '0')",,[],2020-10-03,17
"(128, 1259, '0')",,[],2020-10-03,17
"(128, 159, '0')",,[],2020-10-03,17
"(823, 159, '0')",,[],2020-10-03,17
"(416, 121, '0')",,[],2020-10-03,17
"(1090, 121, '0')",,[],2020-10-03,17
"(416, 122, '0')",,[],2020-10-03,17
"(1087, 122, '0')",,[],2020-10-03,17
"(416, 1465, '0')",,[],2020-10-03,17
"(1469, 1465, '0')",,[],2020-10-03,17
"(416, 1466, '0')",,[],2020-10-03,17
"(1468, 1466, '0')",,[],2020-10-03,17
"(129, 814, '0')",,[],2020-10-03,17
"(813, 814, '0')",,[],2020-10-03,17
"(129, 1233, '0')",,[],2020-10-03,17
"(129, 817, '0')",,[],2020-10-03,17
"(158, 817, '0')",,[],2020-10-03,17
"(129, 800, '0')",,[],2020-10-03,17
"(121, 416, '0')",,[],2020-10-03,17
"(122, 416, '0')",,[],2020-10-03,17
"(1465, 416, '0')",,[],2020-10-03,17
"(1466, 416, '0')",,[],2020-10-03,17
"(121, 1596, '0')",,[],2020-10-03,17
"(130, 529, '0')",,[],2020-10-03,17
"(130, 18, '0')",,[],2020-10-03,17
"(524, 18, '0')",,[],2020-10-03,17
"(1303, 18, '0')",,[],2020-10-03,17
"(122, 1595, '0')",,[],2020-10-03,17
"(132, 46, '0')",,[],2020-10-03,17
"(132, 127, '0')",,[],2020-10-03,17
"(133, 200, '0')",,[],2020-10-03,17
"(652, 200, '0')",,[],2020-10-03,17
"(134, 172, '0')",1466.500,[602347],2020-10-03,17
"(136, 385, '0')",1980.000,[601526],2020-10-03,17
"(1039, 123, '0')",,[],2020-10-03,17
"(700, 123, '0')",,[],2020-10-03,17
"(1039, 125, '0')",,[],2020-10-03,17
"(699, 125, '0')",,[],2020-10-03,17
"(1039, 1047, '0')",,[],2020-10-03,17
"(1039, 1043, '0')",,[],2020-10-03,17
"(123, 1039, '0')",,[],2020-10-03,17
"(125, 1039, '0')",,[],2020-10-03,17
"(1045, 1039, '0')",,[],2020-10-03,17
"(1421, 1039, '0')",,[],2020-10-03,17
"(123, 1567, '0')",,[],2020-10-03,17
"(125, 1566, '0')",,[],2020-10-03,17
"(1338, 126, '0')",,[],2020-10-03,17
"(623, 126, '0')",,[],2020-10-03,17
"(1338, 137, '0')",,[],2020-10-03,17
"(617, 137, '0')",,[],2020-10-03,17
"(1338, 1333, '0')",,[],2020-10-03,17
"(1338, 916, '0')",,[],2020-10-03,17
"(126, 1338, '0')",,[],2020-10-03,17
"(137, 1338, '0')",,[],2020-10-03,17
"(1337, 1338, '0')",,[],2020-10-03,17
"(1339, 1338, '0')",,[],2020-10-03,17
"(126, 1526, '0')",,[],2020-10-03,17
"(137, 1525, '0')",,[],2020-10-03,17
"(142, 61, '0')",,[],2020-10-03,17
"(1253, 1490, '0')",,[],2020-10-03,17
"(1253, 1252, '0')",,[],2020-10-03,17
"(139, 1109, '0')",,[],2020-10-03,17
"(1137, 1109, '0')",,[],2020-10-03,17
"(1138, 1109, '0')",,[],2020-10-03,17
"(1536, 1711, '0')",,[],2020-10-03,17
"(145, 49, '0')",,[],2020-10-03,17
"(536, 139, '0')",,[],2020-10-03,17
"(146, 160, '0')",,[],2020-10-03,17
"(146, 48, '0')",,[],2020-10-03,17
"(888, 1512, '0')",,[],2020-10-03,17
"(888, 874, '0')",,[],2020-10-03,17
"(876, 874, '0')",,[],2020-10-03,17
"(878, 874, '0')",,[],2020-10-03,17
"(886, 874, '0')",,[],2020-10-03,17
"(1119, 138, '0')",,[],2020-10-03,17
"(996, 138, '0')",,[],2020-10-03,17
"(1119, 140, '0')",,[],2020-10-03,17
"(995, 140, '0')",,[],2020-10-03,17
"(1119, 1460, '0')",,[],2020-10-03,17
"(1120, 1460, '0')",,[],2020-10-03,17
"(1119, 1461, '0')",,[],2020-10-03,17
"(1180, 1461, '0')",,[],2020-10-03,17
"(138, 1119, '0')",,[],2020-10-03,17
"(140, 1119, '0')",,[],2020-10-03,17
"(1460, 1119, '0')",,[],2020-10-03,17
"(1461, 1119, '0')",,[],2020-10-03,17
"(138, 1583, '0')",,[],2020-10-03,17
"(140, 1584, '0')",,[],2020-10-03,17
"(149, 145, '0')",,[],2020-10-03,17
"(151, 556, '0')",,[],2020-10-03,17
"(152, 154, '0')",,[],2020-10-03,17
"(153, 132, '0')",2841.000,[601540],2020-10-03,17
"(1624, 1576, '0')",,[],2020-10-03,17
"(1624, 1436, '0')",,[],2020-10-03,17
"(1625, 1436, '0')",,[],2020-10-03,17
"(1437, 1436, '0')",,[],2020-10-03,17
"(1439, 1436, '0')",1942.000,[601344],2020-10-03,17
"(154, 547, '0')",950.000,"[601208, 602208]",2020-10-03,17
"(551, 547, '0')",1012.500,"[601208, 602208]",2020-10-03,17
"(954, 994, '0')",,[],2020-10-03,17
"(954, 958, '0')",,[],2020-10-03,17
"(1384, 1379, '0')",,[],2020-10-03,17
"(947, 1379, '0')",,[],2020-10-03,17
"(1384, 949, '0')",,[],2020-10-03,17
"(931, 949, '0')",,[],2020-10-03,17
"(155, 215, '0')",,[],2020-10-03,17
"(532, 215, '0')",,[],2020-10-03,17
"(156, 153, '0')",2841.000,[601540],2020-10-03,17
"(1379, 1384, '0')",,[],2020-10-03,17
"(949, 1384, '0')",,[],2020-10-03,17
"(1379, 947, '0')",,[],2020-10-03,17
"(1378, 947, '0')",,[],2020-10-03,17
"(648, 947, '0')",,[],2020-10-03,17
"(157, 1203, '0')",,[],2020-10-03,17
"(1205, 1203, '0')",,[],2020-10-03,17
"(1209, 1203, '0')",,[],2020-10-03,17
"(157, 1202, '0')",,[],2020-10-03,17
"(1207, 1202, '0')",,[],2020-10-03,17
"(1210, 1202, '0')",,[],2020-10-03,17
"(1535, 1710, '0')",,[],2020-10-03,17
"(159, 823, '0')",,[],2020-10-03,17
"(387, 823, '0')",,[],2020-10-03,17
"(1534, 1709, '0')",,[],2020-10-03,17
"(1533, 1708, '0')",,[],2020-10-03,17
"(161, 85, '0')",,[],2020-10-03,17
"(328, 85, '0')",,[],2020-10-03,17
"(1532, 1707, '0')",,[],2020-10-03,17
"(162, 52, '0')",817.000,[602530],2020-10-03,17
"(1531, 1706, '0')",,[],2020-10-03,17
"(163, 928, '0')",,[],2020-10-03,17
"(929, 928, '0')",,[],2020-10-03,17
"(163, 930, '0')",,[],2020-10-03,17
"(223, 930, '0')",,[],2020-10-03,17
"(1530, 1705, '0')",,[],2020-10-03,17
"(164, 205, '0')",,[],2020-10-03,17
"(165, 268, '0')",,[],2020-10-03,17
"(1529, 1704, '0')",,[],2020-10-03,17
"(1528, 1703, '0')",,[],2020-10-03,17
"(1527, 1702, '0')",,[],2020-10-03,17
"(167, 185, '0')",1593.000,[601350],2020-10-03,17
"(168, 161, '0')",,[],2020-10-03,17
"(293, 161, '0')",,[],2020-10-03,17
"(1526, 1701, '0')",,[],2020-10-03,17
"(1525, 1700, '0')",,[],2020-10-03,17
"(170, 207, '0')",1757.000,[602346],2020-10-03,17
"(170, 168, '0')",1761.000,[602346],2020-10-03,17
"(1524, 1699, '0')",,[],2020-10-03,17
"(1523, 1698, '0')",,[],2020-10-03,17
"(172, 697, '0')",,[],2020-10-03,17
"(172, 302, '0')",,[],2020-10-03,17
"(1522, 1697, '0')",,[],2020-10-03,17
"(1521, 1696, '0')",,[],2020-10-03,17
"(173, 167, '0')",1593.000,[601350],2020-10-03,17
"(1520, 1695, '0')",,[],2020-10-03,17
"(174, 44, '0')",1553.000,[603108],2020-10-03,17
"(1519, 1694, '0')",,[],2020-10-03,17
"(1518, 1693, '0')",,[],2020-10-03,17
"(177, 173, '0')",1593.000,[601350],2020-10-03,17
"(1517, 1692, '0')",,[],2020-10-03,17
"(178, 204, '0')",979.167,"[601212, 602212]",2020-10-03,17
"(426, 204, '0')",,[],2020-10-03,17
"(1516, 1691, '0')",,[],2020-10-03,17
"(1515, 1690, '0')",,[],2020-10-03,17
"(179, 183, '0')",1499.000,[601347],2020-10-03,17
"(180, 267, '0')",,[],2020-10-03,17
"(1514, 1689, '0')",,[],2020-10-03,17
"(1513, 1688, '0')",,[],2020-10-03,17
"(181, 83, '0')",,[],2020-10-03,17
"(1512, 1687, '0')",,[],2020-10-03,17
"(182, 99, '0')",,[],2020-10-03,17
"(1511, 1686, '0')",,[],2020-10-03,17
"(1510, 1685, '0')",,[],2020-10-03,17
"(184, 108, '0')",,[],2020-10-03,17
"(1509, 1684, '0')",,[],2020-10-03,17
"(185, 186, '0')",1593.000,[601350],2020-10-03,17
"(1508, 1683, '0')",,[],2020-10-03,17
"(186, 184, '0')",1593.000,[601350],2020-10-03,17
"(187, 188, '0')",345.500,"[601247, 602247]",2020-10-03,17
"(1507, 1682, '0')",,[],2020-10-03,17
"(188, 87, '0')",1513.000,[602350],2020-10-03,17
"(1506, 1681, '0')",,[],2020-10-03,17
"(1505, 1680, '0')",,[],2020-10-03,17
"(189, 182, '0')",,[],2020-10-03,17
"(1504, 1679, '0')",,[],2020-10-03,17
"(190, 69, '0')",,[],2020-10-03,17
"(191, 171, '0')",1513.000,[602350],2020-10-03,17
"(1503, 1678, '0')",,[],2020-10-03,17
"(192, 191, '0')",1513.000,[602350],2020-10-03,17
"(1502, 1677, '0')",,[],2020-10-03,17
"(1501, 1676, '0')",,[],2020-10-03,17
"(1613, 1788, '0')",,[],2020-10-03,17
"(1500, 1675, '0')",,[],2020-10-03,17
"(1499, 1674, '0')",,[],2020-10-03,17
"(1498, 1673, '0')",,[],2020-10-03,17
"(195, 196, '0')",1463.000,[602517],2020-10-03,17
"(1497, 1672, '0')",,[],2020-10-03,17
"(196, 102, '0')",,[],2020-10-03,17
"(197, 270, '0')",,[],2020-10-03,17
"(620, 270, '0')",980.000,[601522],2020-10-03,17
"(1496, 1671, '0')",,[],2020-10-03,17
"(1495, 1670, '0')",,[],2020-10-03,17
"(198, 202, '0')",612.000,[602526],2020-10-03,17
"(1494, 1669, '0')",,[],2020-10-03,17
"(199, 78, '0')",,[],2020-10-03,17
"(1493, 1668, '0')",,[],2020-10-03,17
"(1492, 1667, '0')",,[],2020-10-03,17
"(200, 84, '0')",891.500,[602520],2020-10-03,17
"(1491, 1666, '0')",,[],2020-10-03,17
"(201, 199, '0')",,[],2020-10-03,17
"(1490, 1665, '0')",,[],2020-10-03,17
"(202, 411, '0')",,[],2020-10-03,17
"(202, 289, '0')",,[],2020-10-03,17
"(203, 415, '0')",1878.000,[601211],2020-10-03,17
"(203, 424, '0')",,[],2020-10-03,17
"(1489, 1664, '0')",,[],2020-10-03,17
"(204, 165, '0')",,[],2020-10-03,17
"(1488, 1663, '0')",,[],2020-10-03,17
"(1487, 1662, '0')",,[],2020-10-03,17
"(1486, 1661, '0')",,[],2020-10-03,17
"(1485, 1660, '0')",,[],2020-10-03,17
"(206, 56, '0')",,[],2020-10-03,17
"(206, 66, '0')",,[],2020-10-03,17
"(818, 66, '0')",,[],2020-10-03,17
"(206, 1216, '0')",,[],2020-10-03,17
"(206, 744, '0')",,[],2020-10-03,17
"(743, 744, '0')",,[],2020-10-03,17
"(1484, 1659, '0')",,[],2020-10-03,17
"(207, 1, '0')",,[],2020-10-03,17
"(1401, 1658, '0')",,[],2020-10-03,17
"(1400, 1657, '0')",,[],2020-10-03,17
"(1399, 1656, '0')",,[],2020-10-03,17
"(1396, 1655, '0')",,[],2020-10-03,17
"(1394, 1654, '0')",,[],2020-10-03,17
"(209, 33, '0')",,[],2020-10-03,17
"(840, 33, '0')",,[],2020-10-03,17
"(209, 672, '0')",,[],2020-10-03,17
"(209, 166, '0')",,[],2020-10-03,17
"(1393, 1653, '0')",,[],2020-10-03,17
"(1392, 1652, '0')",,[],2020-10-03,17
"(210, 1037, '0')",,[],2020-10-03,17
"(210, 1056, '0')",,[],2020-10-03,17
"(1055, 1056, '0')",,[],2020-10-03,17
"(210, 1060, '0')",,[],2020-10-03,17
"(210, 1030, '0')",,[],2020-10-03,17
"(1031, 1030, '0')",,[],2020-10-03,17
"(1386, 1651, '0')",,[],2020-10-03,17
"(1385, 1650, '0')",,[],2020-10-03,17
"(1383, 1649, '0')",,[],2020-10-03,17
"(211, 135, '0')",,[],2020-10-03,17
"(212, 266, '0')",1247.500,"[601256, 602256]",2020-10-03,17
"(1376, 1648, '0')",,[],2020-10-03,17
"(1375, 1647, '0')",,[],2020-10-03,17
"(214, 151, '0')",2414.000,[602540],2020-10-03,17
"(1361, 1646, '0')",,[],2020-10-03,17
"(215, 239, '0')",2285.000,[601206],2020-10-03,17
"(537, 239, '0')",,[],2020-10-03,17
"(216, 677, '0')",,[],2020-10-03,17
"(238, 677, '0')",,[],2020-10-03,17
"(1349, 1645, '0')",,[],2020-10-03,17
"(217, 528, '0')",2525.000,[602538],2020-10-03,17
"(1348, 1644, '0')",,[],2020-10-03,17
"(218, 1264, '0')",,[],2020-10-03,17
"(218, 74, '0')",,[],2020-10-03,17
"(845, 74, '0')",,[],2020-10-03,17
"(218, 844, '0')",,[],2020-10-03,17
"(218, 839, '0')",,[],2020-10-03,17
"(840, 839, '0')",,[],2020-10-03,17
"(1347, 1643, '0')",,[],2020-10-03,17
"(1346, 1642, '0')",,[],2020-10-03,17
"(1344, 1641, '0')",,[],2020-10-03,17
"(219, 47, '0')",,[],2020-10-03,17
"(1331, 1640, '0')",,[],2020-10-03,17
"(221, 1306, '0')",,[],2020-10-03,17
"(616, 1306, '0')",,[],2020-10-03,17
"(221, 905, '0')",,[],2020-10-03,17
"(221, 16, '0')",,[],2020-10-03,17
"(895, 16, '0')",,[],2020-10-03,17
"(221, 1350, '0')",,[],2020-10-03,17
"(1330, 1639, '0')",,[],2020-10-03,17
"(1329, 1638, '0')",,[],2020-10-03,17
"(1323, 1637, '0')",,[],2020-10-03,17
"(1322, 1636, '0')",,[],2020-10-03,17
"(223, 934, '0')",,[],2020-10-03,17
"(223, 901, '0')",,[],2020-10-03,17
"(1363, 901, '0')",,[],2020-10-03,17
"(629, 901, '0')",,[],2020-10-03,17
"(223, 1335, '0')",,[],2020-10-03,17
"(1321, 1635, '0')",,[],2020-10-03,17
"(224, 941, '0')",,[],2020-10-03,17
"(271, 941, '0')",,[],2020-10-03,17
"(225, 1364, '0')",,[],2020-10-03,17
"(1360, 1364, '0')",,[],2020-10-03,17
"(141, 816, '0')",,[],2020-10-03,17
"(815, 816, '0')",,[],2020-10-03,17
"(227, 705, '0')",,[],2020-10-03,17
"(305, 705, '0')",,[],2020-10-03,17
"(227, 709, '0')",,[],2020-10-03,17
"(227, 704, '0')",,[],2020-10-03,17
"(738, 704, '0')",,[],2020-10-03,17
"(227, 711, '0')",,[],2020-10-03,17
"(1285, 1634, '0')",,[],2020-10-03,17
"(1280, 1633, '0')",,[],2020-10-03,17
"(1244, 1632, '0')",,[],2020-10-03,17
"(1243, 1631, '0')",,[],2020-10-03,17
"(228, 192, '0')",1513.000,[602350],2020-10-03,17
"(1239, 1630, '0')",,[],2020-10-03,17
"(1230, 1629, '0')",,[],2020-10-03,17
"(1223, 1628, '0')",,[],2020-10-03,17
"(1220, 1627, '0')",,[],2020-10-03,17
"(1218, 1626, '0')",,[],2020-10-03,17
"(1618, 1198, '0')",,[],2020-10-03,17
"(1197, 1617, '0')",,[],2020-10-03,17
"(1615, 1195, '0')",,[],2020-10-03,17
"(1194, 1614, '0')",,[],2020-10-03,17
"(1482, 1145, '0')",,[],2020-10-03,17
"(1481, 1100, '0')",,[],2020-10-03,17
"(1477, 1095, '0')",,[],2020-10-03,17
"(1476, 1093, '0')",,[],2020-10-03,17
"(1472, 1092, '0')",,[],2020-10-03,17
"(1471, 1090, '0')",,[],2020-10-03,17
"(236, 260, '0')",2871.000,[601538],2020-10-03,17
"(1464, 1001, '0')",,[],2020-10-03,17
"(237, 143, '0')",,[],2020-10-03,17
"(1463, 997, '0')",,[],2020-10-03,17
"(1459, 996, '0')",,[],2020-10-03,17
"(1458, 995, '0')",,[],2020-10-03,17
"(239, 242, '0')",2742.000,[602536],2020-10-03,17
"(240, 236, '0')",931.000,"[601415, 602415]",2020-10-03,17
"(517, 236, '0')",,[],2020-10-03,17
"(1457, 948, '0')",,[],2020-10-03,17
"(1456, 927, '0')",,[],2020-10-03,17
"(241, 240, '0')",1205.200,[602416],2020-10-03,17
"(522, 240, '0')",,[],2020-10-03,17
"(1451, 925, '0')",,[],2020-10-03,17
"(242, 244, '0')",,[],2020-10-03,17
"(243, 261, '0')",3098.000,[601536],2020-10-03,17
"(1450, 923, '0')",,[],2020-10-03,17
"(1445, 922, '0')",,[],2020-10-03,17
"(244, 504, '0')",,[],2020-10-03,17
"(244, 245, '0')",,[],2020-10-03,17
"(1444, 781, '0')",,[],2020-10-03,17
"(246, 243, '0')",,[],2020-10-03,17
"(1435, 780, '0')",,[],2020-10-03,17
"(1434, 776, '0')",,[],2020-10-03,17
"(247, 249, '0')",,[],2020-10-03,17
"(248, 246, '0')",1155.000,"[601414, 602414]",2020-10-03,17
"(501, 246, '0')",1162.000,"[601414, 602414]",2020-10-03,17
"(1432, 731, '0')",,[],2020-10-03,17
"(249, 251, '0')",,[],2020-10-03,17
"(1431, 730, '0')",,[],2020-10-03,17
"(1429, 727, '0')",,[],2020-10-03,17
"(250, 497, '0')",,[],2020-10-03,17
"(251, 464, '0')",1398.500,"[601412, 602412]",2020-10-03,17
"(251, 252, '0')",1537.800,[602412],2020-10-03,17
"(479, 252, '0')",,[],2020-10-03,17
"(1425, 726, '0')",,[],2020-10-03,17
"(1423, 700, '0')",,[],2020-10-03,17
"(1422, 699, '0')",,[],2020-10-03,17
"(1420, 679, '0')",,[],2020-10-03,17
"(258, 156, '0')",1014.500,"[601417, 602417]",2020-10-03,17
"(548, 156, '0')",,[],2020-10-03,17
"(1419, 678, '0')",,[],2020-10-03,17
"(259, 258, '0')",1014.500,"[601417, 602417]",2020-10-03,17
"(1418, 674, '0')",,[],2020-10-03,17
"(260, 546, '0')",,[],2020-10-03,17
"(261, 241, '0')",,[],2020-10-03,17
"(261, 513, '0')",,[],2020-10-03,17
"(1417, 661, '0')",,[],2020-10-03,17
"(1415, 660, '0')",,[],2020-10-03,17
"(262, 489, '0')",,[],2020-10-03,17
"(263, 466, '0')",,[],2020-10-03,17
"(1411, 659, '0')",,[],2020-10-03,17
"(264, 263, '0')",,[],2020-10-03,17
"(1405, 658, '0')",,[],2020-10-03,17
"(1404, 656, '0')",,[],2020-10-03,17
"(1403, 655, '0')",,[],2020-10-03,17
"(265, 301, '0')",,[],2020-10-03,17
"(266, 265, '0')",2807.000,[601530],2020-10-03,17
"(300, 265, '0')",2020.000,[601530],2020-10-03,17
"(1402, 653, '0')",,[],2020-10-03,17
"(267, 212, '0')",,[],2020-10-03,17
"(267, 65, '0')",,[],2020-10-03,17
"(1395, 651, '0')",,[],2020-10-03,17
"(268, 180, '0')",1569.000,[601528],2020-10-03,17
"(268, 13, '0')",1478.000,[601528],2020-10-03,17
"(1388, 650, '0')",,[],2020-10-03,17
"(1382, 648, '0')",,[],2020-10-03,17
"(269, 624, '0')",1368.000,[602522],2020-10-03,17
"(269, 288, '0')",1368.000,[602522],2020-10-03,17
"(270, 342, '0')",,[],2020-10-03,17
"(1381, 643, '0')",,[],2020-10-03,17
"(1367, 642, '0')",,[],2020-10-03,17
"(1366, 630, '0')",,[],2020-10-03,17
"(1365, 629, '0')",,[],2020-10-03,17
"(148, 273, '0')",,[],2020-10-03,17
"(273, 274, '0')",,[],2020-10-03,17
"(1362, 628, '0')",,[],2020-10-03,17
"(274, 275, '0')",,[],2020-10-03,17
"(1359, 627, '0')",,[],2020-10-03,17
"(275, 276, '0')",,[],2020-10-03,17
"(1355, 625, '0')",,[],2020-10-03,17
"(276, 277, '0')",469.000,"[602222, 601222]",2020-10-03,17
"(1334, 623, '0')",,[],2020-10-03,17
"(277, 278, '0')",1287.000,[601517],2020-10-03,17
"(1318, 622, '0')",,[],2020-10-03,17
"(278, 284, '0')",,[],2020-10-03,17
"(1317, 619, '0')",,[],2020-10-03,17
"(279, 282, '0')",,[],2020-10-03,17
"(1311, 617, '0')",,[],2020-10-03,17
"(280, 283, '0')",,[],2020-10-03,17
"(1309, 616, '0')",,[],2020-10-03,17
"(281, 280, '0')",,[],2020-10-03,17
"(281, 649, '0')",,[],2020-10-03,17
"(1307, 615, '0')",,[],2020-10-03,17
"(282, 281, '0')",467.000,[601520],2020-10-03,17
"(1302, 614, '0')",,[],2020-10-03,17
"(283, 197, '0')",980.000,[601522],2020-10-03,17
"(1301, 613, '0')",,[],2020-10-03,17
"(1300, 612, '0')",,[],2020-10-03,17
"(284, 285, '0')",1024.000,[601220],2020-10-03,17
"(1298, 611, '0')",,[],2020-10-03,17
"(285, 286, '0')",161.250,"[602220, 602221]",2020-10-03,17
"(286, 279, '0')",,[],2020-10-03,17
"(1295, 610, '0')",,[],2020-10-03,17
"(1294, 609, '0')",,[],2020-10-03,17
"(1290, 608, '0')",,[],2020-10-03,17
"(1289, 607, '0')",,[],2020-10-03,17
"(289, 351, '0')",,[],2020-10-03,17
"(1283, 606, '0')",,[],2020-10-03,17
"(290, 169, '0')",2545.000,[601108],2020-10-03,17
"(1282, 605, '0')",,[],2020-10-03,17
"(1278, 582, '0')",,[],2020-10-03,17
"(1277, 581, '0')",,[],2020-10-03,17
"(1273, 578, '0')",,[],2020-10-03,17
"(1272, 576, '0')",,[],2020-10-03,17
"(1266, 575, '0')",,[],2020-10-03,17
"(1262, 574, '0')",,[],2020-10-03,17
"(1258, 573, '0')",,[],2020-10-03,17
"(1257, 572, '0')",,[],2020-10-03,17
"(1254, 571, '0')",,[],2020-10-03,17
"(1251, 570, '0')",,[],2020-10-03,17
"(1249, 567, '0')",,[],2020-10-03,17
"(1246, 566, '0')",,[],2020-10-03,17
"(1242, 565, '0')",,[],2020-10-03,17
"(1240, 564, '0')",,[],2020-10-03,17
"(1234, 563, '0')",,[],2020-10-03,17
"(1225, 562, '0')",,[],2020-10-03,17
"(1219, 561, '0')",,[],2020-10-03,17
"(299, 300, '0')",,[],2020-10-03,17
"(307, 300, '0')",,[],2020-10-03,17
"(1212, 553, '0')",,[],2020-10-03,17
"(1208, 552, '0')",,[],2020-10-03,17
"(1206, 550, '0')",,[],2020-10-03,17
"(301, 24, '0')",,[],2020-10-03,17
"(301, 264, '0')",3343.000,[601213],2020-10-03,17
"(673, 264, '0')",989.000,"[601213, 602213]",2020-10-03,17
"(1199, 549, '0')",,[],2020-10-03,17
"(302, 170, '0')",,[],2020-10-03,17
"(1187, 544, '0')",,[],2020-10-03,17
"(1186, 543, '0')",,[],2020-10-03,17
"(1173, 541, '0')",,[],2020-10-03,17
"(303, 22, '0')",,[],2020-10-03,17
"(1172, 540, '0')",,[],2020-10-03,17
"(1161, 538, '0')",,[],2020-10-03,17
"(1146, 536, '0')",,[],2020-10-03,17
"(535, 1144, '0')",,[],2020-10-03,17
"(1142, 533, '0')",,[],2020-10-03,17
"(1135, 531, '0')",,[],2020-10-03,17
"(1130, 530, '0')",,[],2020-10-03,17
"(1118, 526, '0')",,[],2020-10-03,17
"(308, 310, '0')",,[],2020-10-03,17
"(1115, 525, '0')",,[],2020-10-03,17
"(1102, 523, '0')",,[],2020-10-03,17
"(309, 308, '0')",,[],2020-10-03,17
"(1065, 521, '0')",,[],2020-10-03,17
"(310, 445, '0')",,[],2020-10-03,17
"(1054, 520, '0')",,[],2020-10-03,17
"(1050, 518, '0')",,[],2020-10-03,17
"(1049, 516, '0')",,[],2020-10-03,17
"(515, 1040, '0')",,[],2020-10-03,17
"(313, 314, '0')",1573.000,[602530],2020-10-03,17
"(1038, 512, '0')",,[],2020-10-03,17
"(314, 326, '0')",,[],2020-10-03,17
"(314, 312, '0')",,[],2020-10-03,17
"(1034, 511, '0')",,[],2020-10-03,17
"(1022, 507, '0')",,[],2020-10-03,17
"(1014, 506, '0')",,[],2020-10-03,17
"(1010, 505, '0')",,[],2020-10-03,17
"(1002, 502, '0')",,[],2020-10-03,17
"(970, 500, '0')",,[],2020-10-03,17
"(966, 499, '0')",,[],2020-10-03,17
"(965, 492, '0')",,[],2020-10-03,17
"(960, 490, '0')",,[],2020-10-03,17
"(951, 487, '0')",,[],2020-10-03,17
"(943, 485, '0')",,[],2020-10-03,17
"(942, 482, '0')",,[],2020-10-03,17
"(926, 480, '0')",,[],2020-10-03,17
"(919, 478, '0')",,[],2020-10-03,17
"(911, 474, '0')",,[],2020-10-03,17
"(910, 472, '0')",,[],2020-10-03,17
"(885, 463, '0')",,[],2020-10-03,17
"(872, 462, '0')",,[],2020-10-03,17
"(871, 456, '0')",,[],2020-10-03,17
"(866, 455, '0')",,[],2020-10-03,17
"(864, 454, '0')",,[],2020-10-03,17
"(325, 208, '0')",,[],2020-10-03,17
"(325, 324, '0')",,[],2020-10-03,17
"(860, 453, '0')",,[],2020-10-03,17
"(859, 450, '0')",,[],2020-10-03,17
"(851, 443, '0')",,[],2020-10-03,17
"(850, 442, '0')",,[],2020-10-03,17
"(836, 420, '0')",,[],2020-10-03,17
"(831, 418, '0')",,[],2020-10-03,17
"(807, 387, '0')",,[],2020-10-03,17
"(801, 384, '0')",,[],2020-10-03,17
"(797, 383, '0')",,[],2020-10-03,17
"(796, 382, '0')",,[],2020-10-03,17
"(788, 376, '0')",,[],2020-10-03,17
"(782, 374, '0')",,[],2020-10-03,17
"(779, 366, '0')",,[],2020-10-03,17
"(778, 364, '0')",,[],2020-10-03,17
"(763, 349, '0')",,[],2020-10-03,17
"(330, 331, '0')",,[],2020-10-03,17
"(760, 329, '0')",,[],2020-10-03,17
"(331, 336, '0')",,[],2020-10-03,17
"(754, 327, '0')",,[],2020-10-03,17
"(752, 323, '0')",,[],2020-10-03,17
"(750, 322, '0')",,[],2020-10-03,17
"(749, 321, '0')",,[],2020-10-03,17
"(736, 319, '0')",,[],2020-10-03,17
"(332, 134, '0')",,[],2020-10-03,17
"(732, 318, '0')",,[],2020-10-03,17
"(725, 317, '0')",,[],2020-10-03,17
"(1470, 1087, '0')",,[],2020-10-03,17
"(316, 724, '0')",,[],2020-10-03,17
"(723, 315, '0')",,[],2020-10-03,17
"(311, 714, '0')",,[],2020-10-03,17
"(713, 306, '0')",,[],2020-10-03,17
"(701, 305, '0')",,[],2020-10-03,17
"(334, 333, '0')",,[],2020-10-03,17
"(304, 694, '0')",,[],2020-10-03,17
"(693, 298, '0')",,[],2020-10-03,17
"(646, 297, '0')",,[],2020-10-03,17
"(335, 304, '0')",,[],2020-10-03,17
"(645, 296, '0')",,[],2020-10-03,17
"(336, 681, '0')",,[],2020-10-03,17
"(294, 644, '0')",,[],2020-10-03,17
"(590, 292, '0')",,[],2020-10-03,17
"(337, 692, '0')",1820.000,[602612],2020-10-03,17
"(291, 589, '0')",,[],2020-10-03,17
"(338, 339, '0')",,[],2020-10-03,17
"(338, 686, '0')",,[],2020-10-03,17
"(339, 334, '0')",,[],2020-10-03,17
"(496, 271, '0')",,[],2020-10-03,17
"(340, 664, '0')",,[],2020-10-03,17
"(344, 664, '0')",,[],2020-10-03,17
"(340, 354, '0')",,[],2020-10-03,17
"(193, 354, '0')",,[],2020-10-03,17
"(357, 354, '0')",,[],2020-10-03,17
"(437, 354, '0')",,[],2020-10-03,17
"(340, 345, '0')",1858.000,[601209],2020-10-03,17
"(357, 345, '0')",,[],2020-10-03,17
"(362, 345, '0')",,[],2020-10-03,17
"(494, 257, '0')",,[],2020-10-03,17
"(341, 269, '0')",,[],2020-10-03,17
"(469, 256, '0')",,[],2020-10-03,17
"(468, 255, '0')",,[],2020-10-03,17
"(342, 343, '0')",,[],2020-10-03,17
"(342, 669, '0')",1572.000,[601209],2020-10-03,17
"(421, 254, '0')",,[],2020-10-03,17
"(343, 340, '0')",,[],2020-10-03,17
"(354, 340, '0')",,[],2020-10-03,17
"(664, 340, '0')",,[],2020-10-03,17
"(344, 355, '0')",,[],2020-10-03,17
"(432, 355, '0')",,[],2020-10-03,17
"(1192, 355, '0')",,[],2020-10-03,17
"(1623, 355, '0')",,[],2020-10-03,17
"(406, 235, '0')",,[],2020-10-03,17
"(377, 234, '0')",,[],2020-10-03,17
"(372, 233, '0')",,[],2020-10-03,17
"(345, 357, '0')",,[],2020-10-03,17
"(230, 357, '0')",,[],2020-10-03,17
"(354, 357, '0')",,[],2020-10-03,17
"(379, 357, '0')",,[],2020-10-03,17
"(345, 356, '0')",,[],2020-10-03,17
"(194, 1623, '0')",,[],2020-10-03,17
"(355, 1623, '0')",,[],2020-10-03,17
"(367, 232, '0')",,[],2020-10-03,17
"(359, 231, '0')",,[],2020-10-03,17
"(353, 230, '0')",,[],2020-10-03,17
"(352, 229, '0')",,[],2020-10-03,17
"(350, 344, '0')",,[],2020-10-03,17
"(355, 344, '0')",,[],2020-10-03,17
"(664, 344, '0')",,[],2020-10-03,17
"(347, 194, '0')",,[],2020-10-03,17
"(351, 348, '0')",,[],2020-10-03,17
"(351, 100, '0')",,[],2020-10-03,17
"(346, 193, '0')",,[],2020-10-03,17
"(229, 1192, '0')",,[],2020-10-03,17
"(355, 1192, '0')",,[],2020-10-03,17
"(430, 1192, '0')",,[],2020-10-03,17
"(354, 437, '0')",,[],2020-10-03,17
"(439, 437, '0')",,[],2020-10-03,17
"(354, 1606, '0')",,[],2020-10-03,17
"(272, 148, '0')",,[],2020-10-03,17
"(355, 432, '0')",,[],2020-10-03,17
"(431, 432, '0')",,[],2020-10-03,17
"(226, 141, '0')",,[],2020-10-03,17
"(220, 111, '0')",,[],2020-10-03,17
"(356, 358, '0')",,[],2020-10-03,17
"(379, 358, '0')",,[],2020-10-03,17
"(663, 358, '0')",,[],2020-10-03,17
"(356, 360, '0')",,[],2020-10-03,17
"(357, 379, '0')",,[],2020-10-03,17
"(358, 379, '0')",,[],2020-10-03,17
"(234, 379, '0')",,[],2020-10-03,17
"(357, 1604, '0')",,[],2020-10-03,17
"(176, 109, '0')",,[],2020-10-03,17
"(358, 663, '0')",,[],2020-10-03,17
"(378, 663, '0')",,[],2020-10-03,17
"(108, 175, '0')",,[],2020-10-03,17
"(231, 378, '0')",,[],2020-10-03,17
"(410, 378, '0')",,[],2020-10-03,17
"(430, 378, '0')",,[],2020-10-03,17
"(663, 378, '0')",,[],2020-10-03,17
"(104, 96, '0')",,[],2020-10-03,17
"(360, 361, '0')",,[],2020-10-03,17
"(83, 88, '0')",,[],2020-10-03,17
"(80, 53, '0')",,[],2020-10-03,17
"(42, 21, '0')",,[],2020-10-03,17
"(362, 363, '0')",,[],2020-10-03,17
"(363, 365, '0')",,[],2020-10-03,17
"(28, 11, '0')",,[],2020-10-03,17
"(1612, 1787, '0')",,[],2020-10-03,17
"(1611, 1786, '0')",,[],2020-10-03,17
"(1610, 1785, '0')",,[],2020-10-03,17
"(232, 431, '0')",,[],2020-10-03,17
"(370, 431, '0')",,[],2020-10-03,17
"(432, 431, '0')",,[],2020-10-03,17
"(665, 431, '0')",,[],2020-10-03,17
"(368, 438, '0')",,[],2020-10-03,17
"(435, 438, '0')",,[],2020-10-03,17
"(368, 434, '0')",,[],2020-10-03,17
"(436, 434, '0')",,[],2020-10-03,17
"(439, 434, '0')",,[],2020-10-03,17
"(666, 434, '0')",,[],2020-10-03,17
"(368, 441, '0')",,[],2020-10-03,17
"(434, 441, '0')",,[],2020-10-03,17
"(439, 441, '0')",,[],2020-10-03,17
"(1609, 1784, '0')",,[],2020-10-03,17
"(1561, 1736, '0')",,[],2020-10-03,17
"(370, 435, '0')",,[],2020-10-03,17
"(438, 435, '0')",,[],2020-10-03,17
"(370, 371, '0')",,[],2020-10-03,17
"(1559, 1734, '0')",,[],2020-10-03,17
"(371, 373, '0')",,[],2020-10-03,17
"(233, 375, '0')",,[],2020-10-03,17
"(666, 375, '0')",,[],2020-10-03,17
"(1606, 1781, '0')",,[],2020-10-03,17
"(1605, 1780, '0')",,[],2020-10-03,17
"(1604, 1779, '0')",,[],2020-10-03,17
"(375, 666, '0')",,[],2020-10-03,17
"(434, 666, '0')",,[],2020-10-03,17
"(375, 1608, '0')",,[],2020-10-03,17
"(1603, 1778, '0')",,[],2020-10-03,17
"(1602, 1777, '0')",,[],2020-10-03,17
"(1601, 1776, '0')",,[],2020-10-03,17
"(378, 430, '0')",,[],2020-10-03,17
"(1192, 430, '0')",,[],2020-10-03,17
"(378, 1601, '0')",,[],2020-10-03,17
"(1600, 1775, '0')",,[],2020-10-03,17
"(379, 1602, '0')",,[],2020-10-03,17
"(1599, 1774, '0')",,[],2020-10-03,17
"(380, 401, '0')",,[],2020-10-03,17
"(380, 386, '0')",,[],2020-10-03,17
"(394, 386, '0')",,[],2020-10-03,17
"(395, 386, '0')",,[],2020-10-03,17
"(1598, 1773, '0')",,[],2020-10-03,17
"(1597, 1772, '0')",,[],2020-10-03,17
"(381, 380, '0')",,[],2020-10-03,17
"(386, 380, '0')",,[],2020-10-03,17
"(389, 380, '0')",,[],2020-10-03,17
"(1596, 1771, '0')",,[],2020-10-03,17
"(1595, 1770, '0')",,[],2020-10-03,17
"(1594, 1769, '0')",,[],2020-10-03,17
"(1593, 1768, '0')",,[],2020-10-03,17
"(1592, 1767, '0')",,[],2020-10-03,17
"(1591, 1766, '0')",,[],2020-10-03,17
"(1590, 1765, '0')",,[],2020-10-03,17
"(385, 203, '0')",1980.000,[601526],2020-10-03,17
"(1589, 1764, '0')",,[],2020-10-03,17
"(1588, 1763, '0')",,[],2020-10-03,17
"(386, 396, '0')",,[],2020-10-03,17
"(1587, 1762, '0')",,[],2020-10-03,17
"(1586, 1761, '0')",,[],2020-10-03,17
"(1585, 1760, '0')",,[],2020-10-03,17
"(1584, 1759, '0')",,[],2020-10-03,17
"(388, 391, '0')",,[],2020-10-03,17
"(1583, 1758, '0')",,[],2020-10-03,17
"(389, 392, '0')",,[],2020-10-03,17
"(390, 429, '0')",,[],2020-10-03,17
"(1158, 429, '0')",,[],2020-10-03,17
"(390, 423, '0')",,[],2020-10-03,17
"(1159, 423, '0')",,[],2020-10-03,17
"(390, 417, '0')",,[],2020-10-03,17
"(390, 388, '0')",,[],2020-10-03,17
"(1582, 1757, '0')",,[],2020-10-03,17
"(1581, 1756, '0')",,[],2020-10-03,17
"(391, 389, '0')",,[],2020-10-03,17
"(1580, 1755, '0')",,[],2020-10-03,17
"(1579, 1754, '0')",,[],2020-10-03,17
"(1578, 1753, '0')",,[],2020-10-03,17
"(393, 101, '0')",,[],2020-10-03,17
"(415, 101, '0')",,[],2020-10-03,17
"(394, 399, '0')",,[],2020-10-03,17
"(394, 400, '0')",,[],2020-10-03,17
"(408, 400, '0')",,[],2020-10-03,17
"(413, 400, '0')",,[],2020-10-03,17
"(394, 667, '0')",,[],2020-10-03,17
"(1577, 1752, '0')",,[],2020-10-03,17
"(1576, 1751, '0')",,[],2020-10-03,17
"(395, 394, '0')",,[],2020-10-03,17
"(398, 394, '0')",,[],2020-10-03,17
"(1575, 1750, '0')",,[],2020-10-03,17
"(1574, 1749, '0')",,[],2020-10-03,17
"(396, 1169, '0')",,[],2020-10-03,17
"(397, 410, '0')",,[],2020-10-03,17
"(1573, 1748, '0')",,[],2020-10-03,17
"(1572, 1747, '0')",,[],2020-10-03,17
"(399, 405, '0')",,[],2020-10-03,17
"(667, 405, '0')",,[],2020-10-03,17
"(1571, 1746, '0')",,[],2020-10-03,17
"(400, 408, '0')",,[],2020-10-03,17
"(1155, 408, '0')",,[],2020-10-03,17
"(1158, 408, '0')",,[],2020-10-03,17
"(400, 403, '0')",,[],2020-10-03,17
"(400, 398, '0')",,[],2020-10-03,17
"(1570, 1745, '0')",,[],2020-10-03,17
"(1569, 1744, '0')",,[],2020-10-03,17
"(401, 404, '0')",,[],2020-10-03,17
"(1568, 1743, '0')",,[],2020-10-03,17
"(402, 428, '0')",,[],2020-10-03,17
"(1567, 1742, '0')",,[],2020-10-03,17
"(1566, 1741, '0')",,[],2020-10-03,17
"(1565, 1740, '0')",,[],2020-10-03,17
"(403, 402, '0')",,[],2020-10-03,17
"(404, 402, '0')",,[],2020-10-03,17
"(1564, 1739, '0')",,[],2020-10-03,17
"(1563, 1738, '0')",,[],2020-10-03,17
"(1562, 1737, '0')",,[],2020-10-03,17
"(405, 426, '0')",579.500,"[601212, 602212]",2020-10-03,17
"(235, 1163, '0')",,[],2020-10-03,17
"(1164, 1163, '0')",,[],2020-10-03,17
"(1608, 1783, '0')",,[],2020-10-03,17
"(407, 1160, '0')",,[],2020-10-03,17
"(1164, 1160, '0')",,[],2020-10-03,17
"(1166, 1160, '0')",,[],2020-10-03,17
"(1168, 1160, '0')",,[],2020-10-03,17
"(408, 1155, '0')",,[],2020-10-03,17
"(1153, 1155, '0')",,[],2020-10-03,17
"(408, 1158, '0')",,[],2020-10-03,17
"(429, 1158, '0')",,[],2020-10-03,17
"(1560, 1735, '0')",,[],2020-10-03,17
"(409, 1139, '0')",,[],2020-10-03,17
"(1140, 1139, '0')",,[],2020-10-03,17
"(1143, 1139, '0')",,[],2020-10-03,17
"(409, 1143, '0')",,[],2020-10-03,17
"(1109, 1143, '0')",,[],2020-10-03,17
"(1139, 1143, '0')",,[],2020-10-03,17
"(409, 1138, '0')",,[],2020-10-03,17
"(1109, 1138, '0')",,[],2020-10-03,17
"(1607, 1782, '0')",,[],2020-10-03,17
"(411, 397, '0')",,[],2020-10-03,17
"(1558, 1733, '0')",,[],2020-10-03,17
"(412, 136, '0')",,[],2020-10-03,17
"(414, 198, '0')",,[],2020-10-03,17
"(419, 198, '0')",,[],2020-10-03,17
"(254, 1159, '0')",,[],2020-10-03,17
"(423, 1159, '0')",,[],2020-10-03,17
"(422, 1151, '0')",,[],2020-10-03,17
"(531, 1151, '0')",,[],2020-10-03,17
"(422, 1157, '0')",,[],2020-10-03,17
"(1156, 1157, '0')",,[],2020-10-03,17
"(422, 1153, '0')",,[],2020-10-03,17
"(1155, 1153, '0')",,[],2020-10-03,17
"(422, 1154, '0')",,[],2020-10-03,17
"(1152, 1154, '0')",,[],2020-10-03,17
"(1153, 1154, '0')",,[],2020-10-03,17
"(423, 390, '0')",,[],2020-10-03,17
"(428, 390, '0')",,[],2020-10-03,17
"(429, 390, '0')",,[],2020-10-03,17
"(425, 413, '0')",,[],2020-10-03,17
"(427, 395, '0')",,[],2020-10-03,17
"(431, 665, '0')",,[],2020-10-03,17
"(433, 665, '0')",,[],2020-10-03,17
"(431, 370, '0')",,[],2020-10-03,17
"(435, 370, '0')",,[],2020-10-03,17
"(431, 1607, '0')",,[],2020-10-03,17
"(434, 368, '0')",,[],2020-10-03,17
"(438, 368, '0')",,[],2020-10-03,17
"(434, 436, '0')",,[],2020-10-03,17
"(434, 439, '0')",,[],2020-10-03,17
"(437, 439, '0')",,[],2020-10-03,17
"(440, 369, '0')",1704.000,[601209],2020-10-03,17
"(441, 440, '0')",,[],2020-10-03,17
"(444, 211, '0')",,[],2020-10-03,17
"(444, 449, '0')",,[],2020-10-03,17
"(444, 25, '0')",,[],2020-10-03,17
"(445, 162, '0')",,[],2020-10-03,17
"(445, 313, '0')",,[],2020-10-03,17
"(451, 29, '0')",,[],2020-10-03,17
"(670, 29, '0')",,[],2020-10-03,17
"(1042, 29, '0')",,[],2020-10-03,17
"(1044, 29, '0')",,[],2020-10-03,17
"(457, 467, '0')",,[],2020-10-03,17
"(457, 989, '0')",,[],2020-10-03,17
"(937, 989, '0')",,[],2020-10-03,17
"(458, 470, '0')",,[],2020-10-03,17
"(982, 470, '0')",,[],2020-10-03,17
"(991, 470, '0')",,[],2020-10-03,17
"(458, 460, '0')",,[],2020-10-03,17
"(459, 477, '0')",,[],2020-10-03,17
"(459, 458, '0')",,[],2020-10-03,17
"(461, 458, '0')",1537.800,[602412],2020-10-03,17
"(470, 458, '0')",,[],2020-10-03,17
"(460, 483, '0')",,[],2020-10-03,17
"(460, 457, '0')",,[],2020-10-03,17
"(486, 457, '0')",1489.400,[602214],2020-10-03,17
"(989, 457, '0')",,[],2020-10-03,17
"(465, 3, '0')",,[],2020-10-03,17
"(466, 262, '0')",,[],2020-10-03,17
"(467, 491, '0')",1279.500,"[601215, 602215]",2020-10-03,17
"(467, 459, '0')",,[],2020-10-03,17
"(255, 991, '0')",,[],2020-10-03,17
"(470, 991, '0')",,[],2020-10-03,17
"(256, 992, '0')",,[],2020-10-03,17
"(1000, 992, '0')",,[],2020-10-03,17
"(470, 982, '0')",,[],2020-10-03,17
"(964, 982, '0')",,[],2020-10-03,17
"(470, 471, '0')",1547.000,"[601413, 602413]",2020-10-03,17
"(475, 977, '0')",,[],2020-10-03,17
"(476, 974, '0')",,[],2020-10-03,17
"(975, 974, '0')",,[],2020-10-03,17
"(977, 974, '0')",,[],2020-10-03,17
"(476, 983, '0')",,[],2020-10-03,17
"(976, 983, '0')",,[],2020-10-03,17
"(476, 978, '0')",,[],2020-10-03,17
"(964, 978, '0')",,[],2020-10-03,17
"(981, 978, '0')",,[],2020-10-03,17
"(476, 957, '0')",,[],2020-10-03,17
"(978, 957, '0')",,[],2020-10-03,17
"(481, 1406, '0')",,[],2020-10-03,17
"(1408, 1406, '0')",,[],2020-10-03,17
"(481, 1413, '0')",,[],2020-10-03,17
"(1410, 1413, '0')",,[],2020-10-03,17
"(481, 1024, '0')",,[],2020-10-03,17
"(1023, 1024, '0')",,[],2020-10-03,17
"(484, 253, '0')",,[],2020-10-03,17
"(489, 253, '0')",1489.400,[602214],2020-10-03,17
"(489, 488, '0')",1329.000,"[601214, 602214]",2020-10-03,17
"(257, 929, '0')",,[],2020-10-03,17
"(928, 929, '0')",,[],2020-10-03,17
"(495, 1354, '0')",,[],2020-10-03,17
"(1351, 1354, '0')",,[],2020-10-03,17
"(495, 1368, '0')",,[],2020-10-03,17
"(1371, 1368, '0')",,[],2020-10-03,17
"(495, 224, '0')",,[],2020-10-03,17
"(941, 224, '0')",,[],2020-10-03,17
"(504, 503, '0')",,[],2020-10-03,17
"(508, 1325, '0')",,[],2020-10-03,17
"(509, 1325, '0')",,[],2020-10-03,17
"(509, 1326, '0')",,[],2020-10-03,17
"(509, 1620, '0')",,[],2020-10-03,17
"(509, 888, '0')",,[],2020-10-03,17
"(611, 888, '0')",,[],2020-10-03,17
"(528, 527, '0')",,[],2020-10-03,17
"(528, 155, '0')",,[],2020-10-03,17
"(539, 41, '0')",744.000,"[601417, 602417]",2020-10-03,17
"(539, 222, '0')",,[],2020-10-03,17
"(546, 545, '0')",,[],2020-10-03,17
"(546, 259, '0')",,[],2020-10-03,17
"(547, 217, '0')",,[],2020-10-03,17
"(554, 542, '0')",,[],2020-10-03,17
"(556, 554, '0')",,[],2020-10-03,17
"(556, 152, '0')",,[],2020-10-03,17
"(559, 227, '0')",,[],2020-10-03,17
"(702, 227, '0')",,[],2020-10-03,17
"(704, 227, '0')",,[],2020-10-03,17
"(705, 227, '0')",,[],2020-10-03,17
"(568, 770, '0')",,[],2020-10-03,17
"(774, 770, '0')",,[],2020-10-03,17
"(783, 770, '0')",,[],2020-10-03,17
"(787, 770, '0')",,[],2020-10-03,17
"(583, 585, '0')",,[],2020-10-03,17
"(584, 588, '0')",1377.000,"[629953, 639953]",2020-10-03,17
"(585, 591, '0')",,[],2020-10-03,17
"(586, 584, '0')",,[],2020-10-03,17
"(587, 583, '0')",1373.000,[619953],2020-10-03,17
"(588, 291, '0')",,[],2020-10-03,17
"(292, 587, '0')",,[],2020-10-03,17
"(591, 593, '0')",,[],2020-10-03,17
"(592, 586, '0')",,[],2020-10-03,17
"(593, 595, '0')",,[],2020-10-03,17
"(594, 626, '0')",,[],2020-10-03,17
"(595, 597, '0')",,[],2020-10-03,17
"(596, 594, '0')",,[],2020-10-03,17
"(597, 618, '0')",,[],2020-10-03,17
"(597, 599, '0')",,[],2020-10-03,17
"(598, 596, '0')",,[],2020-10-03,17
"(599, 601, '0')",,[],2020-10-03,17
"(600, 598, '0')",,[],2020-10-03,17
"(621, 598, '0')",,[],2020-10-03,17
"(602, 600, '0')",,[],2020-10-03,17
"(603, 1194, '0')",,[],2020-10-03,17
"(604, 657, '0')",,[],2020-10-03,17
"(604, 602, '0')",,[],2020-10-03,17
"(626, 592, '0')",,[],2020-10-03,17
"(1198, 1619, '0')",,[],2020-10-03,17
"(631, 635, '0')",2319.000,[601202],2020-10-03,17
"(632, 1197, '0')",,[],2020-10-03,17
"(633, 637, '0')",,[],2020-10-03,17
"(634, 636, '0')",,[],2020-10-03,17
"(635, 633, '0')",,[],2020-10-03,17
"(636, 632, '0')",,[],2020-10-03,17
"(637, 1096, '0')",,[],2020-10-03,17
"(637, 639, '0')",1363.800,[602204],2020-10-03,17
"(638, 634, '0')",2378.000,[601203],2020-10-03,17
"(1094, 634, '0')",,[],2020-10-03,17
"(639, 641, '0')",,[],2020-10-03,17
"(1101, 641, '0')",,[],2020-10-03,17
"(641, 86, '0')",1039.000,[601344],2020-10-03,17
"(296, 577, '0')",,[],2020-10-03,17
"(297, 662, '0')",,[],2020-10-03,17
"(1123, 662, '0')",,[],2020-10-03,17
"(647, 294, '0')",,[],2020-10-03,17
"(662, 1123, '0')",,[],2020-10-03,17
"(1124, 1123, '0')",,[],2020-10-03,17
"(1131, 1123, '0')",,[],2020-10-03,17
"(1149, 1123, '0')",,[],2020-10-03,17
"(662, 1589, '0')",,[],2020-10-03,17
"(665, 433, '0')",,[],2020-10-03,17
"(668, 341, '0')",,[],2020-10-03,17
"(671, 937, '0')",,[],2020-10-03,17
"(987, 937, '0')",,[],2020-10-03,17
"(989, 937, '0')",,[],2020-10-03,17
"(990, 937, '0')",,[],2020-10-03,17
"(675, 1440, '0')",,[],2020-10-03,17
"(1443, 1440, '0')",,[],2020-10-03,17
"(675, 1066, '0')",,[],2020-10-03,17
"(1104, 1066, '0')",,[],2020-10-03,17
"(1105, 1066, '0')",,[],2020-10-03,17
"(1106, 1066, '0')",,[],2020-10-03,17
"(676, 174, '0')",2027.000,[601348],2020-10-03,17
"(677, 149, '0')",1534.000,[601542],2020-10-03,17
"(680, 696, '0')",,[],2020-10-03,17
"(681, 680, '0')",,[],2020-10-03,17
"(682, 685, '0')",1596.000,[601612],2020-10-03,17
"(683, 684, '0')",,[],2020-10-03,17
"(684, 682, '0')",,[],2020-10-03,17
"(685, 335, '0')",,[],2020-10-03,17
"(687, 695, '0')",,[],2020-10-03,17
"(688, 689, '0')",,[],2020-10-03,17
"(689, 338, '0')",911.250,"[601228, 602228]",2020-10-03,17
"(690, 691, '0')",,[],2020-10-03,17
"(691, 687, '0')",,[],2020-10-03,17
"(692, 690, '0')",,[],2020-10-03,17
"(298, 337, '0')",,[],2020-10-03,17
"(695, 688, '0')",,[],2020-10-03,17
"(696, 683, '0')",,[],2020-10-03,17
"(697, 295, '0')",,[],2020-10-03,17
"(698, 15, '0')",,[],2020-10-03,17
"(704, 707, '0')",,[],2020-10-03,17
"(705, 1223, '0')",,[],2020-10-03,17
"(706, 1193, '0')",,[],2020-10-03,17
"(706, 715, '0')",,[],2020-10-03,17
"(855, 715, '0')",,[],2020-10-03,17
"(706, 710, '0')",,[],2020-10-03,17
"(709, 105, '0')",,[],2020-10-03,17
"(710, 719, '0')",,[],2020-10-03,17
"(711, 703, '0')",,[],2020-10-03,17
"(306, 729, '0')",,[],2020-10-03,17
"(715, 855, '0')",,[],2020-10-03,17
"(318, 855, '0')",,[],2020-10-03,17
"(716, 717, '0')",,[],2020-10-03,17
"(718, 716, '0')",,[],2020-10-03,17
"(718, 722, '0')",,[],2020-10-03,17
"(820, 722, '0')",,[],2020-10-03,17
"(718, 720, '0')",,[],2020-10-03,17
"(719, 718, '0')",,[],2020-10-03,17
"(721, 718, '0')",,[],2020-10-03,17
"(722, 718, '0')",,[],2020-10-03,17
"(720, 822, '0')",,[],2020-10-03,17
"(722, 820, '0')",,[],2020-10-03,17
"(315, 820, '0')",,[],2020-10-03,17
"(317, 821, '0')",,[],2020-10-03,17
"(728, 311, '0')",,[],2020-10-03,17
"(733, 734, '0')",,[],2020-10-03,17
"(734, 735, '0')",,[],2020-10-03,17
"(740, 735, '0')",,[],2020-10-03,17
"(746, 735, '0')",,[],2020-10-03,17
"(748, 735, '0')",,[],2020-10-03,17
"(735, 740, '0')",,[],2020-10-03,17
"(742, 740, '0')",,[],2020-10-03,17
"(735, 745, '0')",,[],2020-10-03,17
"(735, 748, '0')",,[],2020-10-03,17
"(819, 748, '0')",,[],2020-10-03,17
"(735, 739, '0')",,[],2020-10-03,17
"(739, 972, '0')",,[],2020-10-03,17
"(971, 972, '0')",,[],2020-10-03,17
"(739, 969, '0')",,[],2020-10-03,17
"(973, 969, '0')",,[],2020-10-03,17
"(740, 741, '0')",,[],2020-10-03,17
"(741, 743, '0')",,[],2020-10-03,17
"(744, 743, '0')",,[],2020-10-03,17
"(751, 743, '0')",,[],2020-10-03,17
"(743, 751, '0')",,[],2020-10-03,17
"(322, 751, '0')",,[],2020-10-03,17
"(743, 742, '0')",,[],2020-10-03,17
"(745, 747, '0')",,[],2020-10-03,17
"(753, 747, '0')",,[],2020-10-03,17
"(755, 747, '0')",,[],2020-10-03,17
"(757, 747, '0')",,[],2020-10-03,17
"(747, 755, '0')",,[],2020-10-03,17
"(775, 755, '0')",,[],2020-10-03,17
"(747, 756, '0')",,[],2020-10-03,17
"(747, 753, '0')",,[],2020-10-03,17
"(327, 753, '0')",,[],2020-10-03,17
"(747, 746, '0')",,[],2020-10-03,17
"(748, 819, '0')",,[],2020-10-03,17
"(321, 819, '0')",,[],2020-10-03,17
"(751, 1244, '0')",,[],2020-10-03,17
"(753, 1322, '0')",,[],2020-10-03,17
"(756, 758, '0')",,[],2020-10-03,17
"(759, 758, '0')",,[],2020-10-03,17
"(764, 758, '0')",,[],2020-10-03,17
"(768, 758, '0')",,[],2020-10-03,17
"(758, 757, '0')",,[],2020-10-03,17
"(758, 768, '0')",,[],2020-10-03,17
"(761, 768, '0')",,[],2020-10-03,17
"(758, 765, '0')",,[],2020-10-03,17
"(758, 759, '0')",,[],2020-10-03,17
"(329, 759, '0')",,[],2020-10-03,17
"(759, 1344, '0')",,[],2020-10-03,17
"(761, 1224, '0')",,[],2020-10-03,17
"(766, 1224, '0')",,[],2020-10-03,17
"(1226, 1224, '0')",,[],2020-10-03,17
"(762, 764, '0')",,[],2020-10-03,17
"(762, 993, '0')",,[],2020-10-03,17
"(802, 993, '0')",,[],2020-10-03,17
"(762, 805, '0')",,[],2020-10-03,17
"(762, 806, '0')",,[],2020-10-03,17
"(349, 806, '0')",,[],2020-10-03,17
"(765, 762, '0')",,[],2020-10-03,17
"(803, 762, '0')",,[],2020-10-03,17
"(806, 762, '0')",,[],2020-10-03,17
"(993, 762, '0')",,[],2020-10-03,17
"(766, 767, '0')",,[],2020-10-03,17
"(771, 767, '0')",,[],2020-10-03,17
"(767, 771, '0')",,[],2020-10-03,17
"(772, 771, '0')",,[],2020-10-03,17
"(767, 766, '0')",,[],2020-10-03,17
"(1224, 766, '0')",,[],2020-10-03,17
"(768, 761, '0')",,[],2020-10-03,17
"(1224, 761, '0')",,[],2020-10-03,17
"(769, 1214, '0')",,[],2020-10-03,17
"(769, 1211, '0')",,[],2020-10-03,17
"(1213, 1211, '0')",,[],2020-10-03,17
"(770, 783, '0')",,[],2020-10-03,17
"(374, 783, '0')",,[],2020-10-03,17
"(770, 773, '0')",,[],2020-10-03,17
"(770, 1221, '0')",,[],2020-10-03,17
"(771, 772, '0')",,[],2020-10-03,17
"(773, 772, '0')",,[],2020-10-03,17
"(789, 772, '0')",,[],2020-10-03,17
"(794, 772, '0')",,[],2020-10-03,17
"(772, 774, '0')",,[],2020-10-03,17
"(772, 789, '0')",,[],2020-10-03,17
"(376, 789, '0')",,[],2020-10-03,17
"(772, 793, '0')",,[],2020-10-03,17
"(783, 1329, '0')",,[],2020-10-03,17
"(789, 1346, '0')",,[],2020-10-03,17
"(790, 792, '0')",,[],2020-10-03,17
"(790, 799, '0')",,[],2020-10-03,17
"(383, 799, '0')",,[],2020-10-03,17
"(790, 795, '0')",,[],2020-10-03,17
"(790, 798, '0')",,[],2020-10-03,17
"(382, 798, '0')",,[],2020-10-03,17
"(791, 790, '0')",,[],2020-10-03,17
"(793, 790, '0')",,[],2020-10-03,17
"(798, 790, '0')",,[],2020-10-03,17
"(799, 790, '0')",,[],2020-10-03,17
"(792, 1200, '0')",,[],2020-10-03,17
"(1201, 1200, '0')",,[],2020-10-03,17
"(795, 129, '0')",,[],2020-10-03,17
"(809, 129, '0')",,[],2020-10-03,17
"(814, 129, '0')",,[],2020-10-03,17
"(817, 129, '0')",,[],2020-10-03,17
"(798, 1349, '0')",,[],2020-10-03,17
"(799, 1348, '0')",,[],2020-10-03,17
"(800, 791, '0')",,[],2020-10-03,17
"(384, 802, '0')",,[],2020-10-03,17
"(993, 802, '0')",,[],2020-10-03,17
"(802, 1361, '0')",,[],2020-10-03,17
"(805, 1205, '0')",,[],2020-10-03,17
"(806, 1375, '0')",,[],2020-10-03,17
"(808, 838, '0')",,[],2020-10-03,17
"(837, 838, '0')",,[],2020-10-03,17
"(808, 1261, '0')",,[],2020-10-03,17
"(808, 1238, '0')",,[],2020-10-03,17
"(812, 846, '0')",,[],2020-10-03,17
"(813, 815, '0')",,[],2020-10-03,17
"(816, 815, '0')",,[],2020-10-03,17
"(814, 813, '0')",,[],2020-10-03,17
"(815, 813, '0')",,[],2020-10-03,17
"(816, 1385, '0')",,[],2020-10-03,17
"(818, 1243, '0')",,[],2020-10-03,17
"(819, 1280, '0')",,[],2020-10-03,17
"(820, 1218, '0')",,[],2020-10-03,17
"(821, 721, '0')",,[],2020-10-03,17
"(822, 316, '0')",,[],2020-10-03,17
"(823, 1386, '0')",,[],2020-10-03,17
"(824, 834, '0')",,[],2020-10-03,17
"(833, 834, '0')",,[],2020-10-03,17
"(824, 1248, '0')",,[],2020-10-03,17
"(1247, 1248, '0')",,[],2020-10-03,17
"(567, 1248, '0')",,[],2020-10-03,17
"(824, 832, '0')",,[],2020-10-03,17
"(418, 832, '0')",,[],2020-10-03,17
"(824, 1256, '0')",,[],2020-10-03,17
"(825, 824, '0')",,[],2020-10-03,17
"(829, 824, '0')",,[],2020-10-03,17
"(832, 824, '0')",,[],2020-10-03,17
"(834, 824, '0')",,[],2020-10-03,17
"(828, 826, '0')",,[],2020-10-03,17
"(832, 1484, '0')",,[],2020-10-03,17
"(834, 833, '0')",,[],2020-10-03,17
"(1241, 833, '0')",,[],2020-10-03,17
"(420, 837, '0')",,[],2020-10-03,17
"(838, 837, '0')",,[],2020-10-03,17
"(837, 1399, '0')",,[],2020-10-03,17
"(840, 853, '0')",,[],2020-10-03,17
"(443, 853, '0')",,[],2020-10-03,17
"(840, 854, '0')",,[],2020-10-03,17
"(852, 854, '0')",,[],2020-10-03,17
"(841, 881, '0')",,[],2020-10-03,17
"(880, 881, '0')",,[],2020-10-03,17
"(841, 1288, '0')",,[],2020-10-03,17
"(841, 1279, '0')",,[],2020-10-03,17
"(842, 1276, '0')",,[],2020-10-03,17
"(581, 1276, '0')",,[],2020-10-03,17
"(842, 867, '0')",,[],2020-10-03,17
"(869, 867, '0')",,[],2020-10-03,17
"(842, 843, '0')",,[],2020-10-03,17
"(844, 842, '0')",,[],2020-10-03,17
"(867, 842, '0')",,[],2020-10-03,17
"(870, 842, '0')",,[],2020-10-03,17
"(845, 1492, '0')",,[],2020-10-03,17
"(847, 1495, '0')",,[],2020-10-03,17
"(848, 882, '0')",,[],2020-10-03,17
"(1281, 882, '0')",,[],2020-10-03,17
"(848, 1297, '0')",,[],2020-10-03,17
"(848, 890, '0')",,[],2020-10-03,17
"(889, 890, '0')",,[],2020-10-03,17
"(848, 1268, '0')",,[],2020-10-03,17
"(849, 848, '0')",,[],2020-10-03,17
"(882, 848, '0')",,[],2020-10-03,17
"(890, 848, '0')",,[],2020-10-03,17
"(891, 848, '0')",,[],2020-10-03,17
"(442, 852, '0')",,[],2020-10-03,17
"(854, 852, '0')",,[],2020-10-03,17
"(852, 1494, '0')",,[],2020-10-03,17
"(853, 1493, '0')",,[],2020-10-03,17
"(855, 1220, '0')",,[],2020-10-03,17
"(856, 858, '0')",,[],2020-10-03,17
"(857, 858, '0')",,[],2020-10-03,17
"(861, 858, '0')",,[],2020-10-03,17
"(863, 858, '0')",,[],2020-10-03,17
"(858, 861, '0')",,[],2020-10-03,17
"(450, 861, '0')",,[],2020-10-03,17
"(858, 1253, '0')",,[],2020-10-03,17
"(571, 1253, '0')",,[],2020-10-03,17
"(858, 863, '0')",,[],2020-10-03,17
"(862, 863, '0')",,[],2020-10-03,17
"(858, 1247, '0')",,[],2020-10-03,17
"(453, 862, '0')",,[],2020-10-03,17
"(863, 862, '0')",,[],2020-10-03,17
"(861, 1488, '0')",,[],2020-10-03,17
"(862, 1489, '0')",,[],2020-10-03,17
"(454, 889, '0')",,[],2020-10-03,17
"(890, 889, '0')",,[],2020-10-03,17
"(455, 869, '0')",,[],2020-10-03,17
"(867, 869, '0')",,[],2020-10-03,17
"(869, 1497, '0')",,[],2020-10-03,17
"(456, 892, '0')",,[],2020-10-03,17
"(880, 892, '0')",,[],2020-10-03,17
"(462, 875, '0')",,[],2020-10-03,17
"(877, 875, '0')",,[],2020-10-03,17
"(874, 886, '0')",,[],2020-10-03,17
"(887, 886, '0')",,[],2020-10-03,17
"(874, 1299, '0')",,[],2020-10-03,17
"(612, 1299, '0')",,[],2020-10-03,17
"(874, 876, '0')",,[],2020-10-03,17
"(877, 876, '0')",,[],2020-10-03,17
"(874, 1286, '0')",,[],2020-10-03,17
"(608, 1286, '0')",,[],2020-10-03,17
"(875, 877, '0')",,[],2020-10-03,17
"(876, 877, '0')",,[],2020-10-03,17
"(875, 1508, '0')",,[],2020-10-03,17
"(881, 880, '0')",,[],2020-10-03,17
"(892, 880, '0')",,[],2020-10-03,17
"(882, 1281, '0')",,[],2020-10-03,17
"(1284, 1281, '0')",,[],2020-10-03,17
"(884, 509, '0')",,[],2020-10-03,17
"(893, 509, '0')",,[],2020-10-03,17
"(898, 509, '0')",,[],2020-10-03,17
"(1325, 509, '0')",,[],2020-10-03,17
"(463, 887, '0')",,[],2020-10-03,17
"(886, 887, '0')",,[],2020-10-03,17
"(887, 1507, '0')",,[],2020-10-03,17
"(889, 1504, '0')",,[],2020-10-03,17
"(892, 1502, '0')",,[],2020-10-03,17
"(894, 508, '0')",,[],2020-10-03,17
"(1325, 508, '0')",,[],2020-10-03,17
"(894, 1513, '0')",,[],2020-10-03,17
"(895, 1518, '0')",,[],2020-10-03,17
"(896, 1293, '0')",,[],2020-10-03,17
"(1292, 1293, '0')",,[],2020-10-03,17
"(1296, 1293, '0')",,[],2020-10-03,17
"(609, 1293, '0')",,[],2020-10-03,17
"(897, 913, '0')",,[],2020-10-03,17
"(912, 913, '0')",,[],2020-10-03,17
"(897, 1337, '0')",,[],2020-10-03,17
"(897, 914, '0')",,[],2020-10-03,17
"(1474, 914, '0')",,[],2020-10-03,17
"(897, 1327, '0')",,[],2020-10-03,17
"(899, 897, '0')",,[],2020-10-03,17
"(913, 897, '0')",,[],2020-10-03,17
"(914, 897, '0')",,[],2020-10-03,17
"(916, 897, '0')",,[],2020-10-03,17
"(900, 223, '0')",,[],2020-10-03,17
"(901, 223, '0')",,[],2020-10-03,17
"(930, 223, '0')",,[],2020-10-03,17
"(933, 223, '0')",,[],2020-10-03,17
"(901, 1363, '0')",,[],2020-10-03,17
"(1360, 1363, '0')",,[],2020-10-03,17
"(901, 1531, '0')",,[],2020-10-03,17
"(902, 1357, '0')",,[],2020-10-03,17
"(1356, 1357, '0')",,[],2020-10-03,17
"(902, 915, '0')",,[],2020-10-03,17
"(1475, 915, '0')",,[],2020-10-03,17
"(902, 1358, '0')",,[],2020-10-03,17
"(1352, 1358, '0')",,[],2020-10-03,17
"(902, 918, '0')",,[],2020-10-03,17
"(917, 918, '0')",,[],2020-10-03,17
"(903, 904, '0')",,[],2020-10-03,17
"(903, 921, '0')",,[],2020-10-03,17
"(478, 921, '0')",,[],2020-10-03,17
"(903, 1356, '0')",,[],2020-10-03,17
"(1357, 1356, '0')",,[],2020-10-03,17
"(907, 902, '0')",,[],2020-10-03,17
"(908, 902, '0')",,[],2020-10-03,17
"(915, 902, '0')",,[],2020-10-03,17
"(918, 902, '0')",,[],2020-10-03,17
"(472, 912, '0')",,[],2020-10-03,17
"(913, 912, '0')",,[],2020-10-03,17
"(474, 917, '0')",,[],2020-10-03,17
"(918, 917, '0')",,[],2020-10-03,17
"(912, 1523, '0')",,[],2020-10-03,17
"(917, 1524, '0')",,[],2020-10-03,17
"(921, 1521, '0')",,[],2020-10-03,17
"(928, 163, '0')",,[],2020-10-03,17
"(930, 163, '0')",,[],2020-10-03,17
"(929, 1529, '0')",,[],2020-10-03,17
"(931, 935, '0')",,[],2020-10-03,17
"(931, 953, '0')",,[],2020-10-03,17
"(952, 953, '0')",,[],2020-10-03,17
"(931, 998, '0')",,[],2020-10-03,17
"(932, 933, '0')",,[],2020-10-03,17
"(932, 946, '0')",,[],2020-10-03,17
"(945, 946, '0')",,[],2020-10-03,17
"(932, 936, '0')",,[],2020-10-03,17
"(932, 944, '0')",,[],2020-10-03,17
"(485, 944, '0')",,[],2020-10-03,17
"(934, 932, '0')",,[],2020-10-03,17
"(935, 932, '0')",,[],2020-10-03,17
"(944, 932, '0')",,[],2020-10-03,17
"(946, 932, '0')",,[],2020-10-03,17
"(936, 931, '0')",,[],2020-10-03,17
"(949, 931, '0')",,[],2020-10-03,17
"(953, 931, '0')",,[],2020-10-03,17
"(958, 931, '0')",,[],2020-10-03,17
"(937, 1391, '0')",,[],2020-10-03,17
"(1387, 1391, '0')",,[],2020-10-03,17
"(937, 1398, '0')",,[],2020-10-03,17
"(1397, 1398, '0')",,[],2020-10-03,17
"(937, 990, '0')",,[],2020-10-03,17
"(1000, 990, '0')",,[],2020-10-03,17
"(938, 1370, '0')",,[],2020-10-03,17
"(1369, 1370, '0')",,[],2020-10-03,17
"(938, 950, '0')",,[],2020-10-03,17
"(1380, 950, '0')",,[],2020-10-03,17
"(938, 1389, '0')",,[],2020-10-03,17
"(1390, 1389, '0')",,[],2020-10-03,17
"(938, 963, '0')",,[],2020-10-03,17
"(962, 963, '0')",,[],2020-10-03,17
"(940, 938, '0')",,[],2020-10-03,17
"(950, 938, '0')",,[],2020-10-03,17
"(961, 938, '0')",,[],2020-10-03,17
"(963, 938, '0')",,[],2020-10-03,17
"(941, 1532, '0')",,[],2020-10-03,17
"(482, 945, '0')",,[],2020-10-03,17
"(946, 945, '0')",,[],2020-10-03,17
"(944, 1534, '0')",,[],2020-10-03,17
"(945, 1533, '0')",,[],2020-10-03,17
"(947, 1378, '0')",,[],2020-10-03,17
"(1380, 1378, '0')",,[],2020-10-03,17
"(643, 1378, '0')",,[],2020-10-03,17
"(947, 1538, '0')",,[],2020-10-03,17
"(950, 1380, '0')",,[],2020-10-03,17
"(1378, 1380, '0')",,[],2020-10-03,17
"(487, 952, '0')",,[],2020-10-03,17
"(953, 952, '0')",,[],2020-10-03,17
"(952, 1537, '0')",,[],2020-10-03,17
"(955, 956, '0')",,[],2020-10-03,17
"(959, 956, '0')",,[],2020-10-03,17
"(994, 956, '0')",,[],2020-10-03,17
"(999, 956, '0')",,[],2020-10-03,17
"(956, 954, '0')",,[],2020-10-03,17
"(998, 954, '0')",,[],2020-10-03,17
"(956, 475, '0')",,[],2020-10-03,17
"(956, 999, '0')",,[],2020-10-03,17
"(492, 999, '0')",,[],2020-10-03,17
"(957, 955, '0')",,[],2020-10-03,17
"(490, 962, '0')",,[],2020-10-03,17
"(963, 962, '0')",,[],2020-10-03,17
"(962, 1540, '0')",,[],2020-10-03,17
"(499, 967, '0')",,[],2020-10-03,17
"(968, 967, '0')",,[],2020-10-03,17
"(967, 968, '0')",,[],2020-10-03,17
"(975, 968, '0')",,[],2020-10-03,17
"(967, 1544, '0')",,[],2020-10-03,17
"(968, 975, '0')",,[],2020-10-03,17
"(974, 975, '0')",,[],2020-10-03,17
"(969, 971, '0')",,[],2020-10-03,17
"(969, 973, '0')",,[],2020-10-03,17
"(500, 973, '0')",,[],2020-10-03,17
"(972, 737, '0')",,[],2020-10-03,17
"(973, 1239, '0')",,[],2020-10-03,17
"(974, 476, '0')",,[],2020-10-03,17
"(977, 476, '0')",,[],2020-10-03,17
"(978, 476, '0')",,[],2020-10-03,17
"(981, 476, '0')",,[],2020-10-03,17
"(975, 976, '0')",,[],2020-10-03,17
"(978, 964, '0')",,[],2020-10-03,17
"(982, 964, '0')",,[],2020-10-03,17
"(979, 1003, '0')",,[],2020-10-03,17
"(979, 1016, '0')",,[],2020-10-03,17
"(1015, 1016, '0')",,[],2020-10-03,17
"(979, 1019, '0')",,[],2020-10-03,17
"(980, 981, '0')",,[],2020-10-03,17
"(983, 985, '0')",,[],2020-10-03,17
"(984, 980, '0')",,[],2020-10-03,17
"(984, 1005, '0')",,[],2020-10-03,17
"(1004, 1005, '0')",,[],2020-10-03,17
"(984, 1006, '0')",,[],2020-10-03,17
"(985, 984, '0')",,[],2020-10-03,17
"(1003, 984, '0')",,[],2020-10-03,17
"(1005, 984, '0')",,[],2020-10-03,17
"(1008, 984, '0')",,[],2020-10-03,17
"(986, 1397, '0')",,[],2020-10-03,17
"(1398, 1397, '0')",,[],2020-10-03,17
"(986, 1407, '0')",,[],2020-10-03,17
"(1408, 1407, '0')",,[],2020-10-03,17
"(986, 1011, '0')",,[],2020-10-03,17
"(505, 1011, '0')",,[],2020-10-03,17
"(988, 986, '0')",,[],2020-10-03,17
"(1009, 986, '0')",,[],2020-10-03,17
"(1011, 986, '0')",,[],2020-10-03,17
"(1012, 986, '0')",,[],2020-10-03,17
"(990, 1000, '0')",,[],2020-10-03,17
"(992, 1000, '0')",,[],2020-10-03,17
"(991, 1545, '0')",,[],2020-10-03,17
"(992, 1546, '0')",,[],2020-10-03,17
"(998, 959, '0')",,[],2020-10-03,17
"(999, 1541, '0')",,[],2020-10-03,17
"(502, 1004, '0')",,[],2020-10-03,17
"(1005, 1004, '0')",,[],2020-10-03,17
"(1004, 1547, '0')",,[],2020-10-03,17
"(1006, 979, '0')",,[],2020-10-03,17
"(1016, 979, '0')",,[],2020-10-03,17
"(1018, 979, '0')",,[],2020-10-03,17
"(1021, 979, '0')",,[],2020-10-03,17
"(1011, 1550, '0')",,[],2020-10-03,17
"(1013, 481, '0')",,[],2020-10-03,17
"(1020, 481, '0')",,[],2020-10-03,17
"(1024, 481, '0')",,[],2020-10-03,17
"(1028, 481, '0')",,[],2020-10-03,17
"(506, 1015, '0')",,[],2020-10-03,17
"(1016, 1015, '0')",,[],2020-10-03,17
"(1015, 1551, '0')",,[],2020-10-03,17
"(1017, 1018, '0')",,[],2020-10-03,17
"(1017, 1036, '0')",,[],2020-10-03,17
"(1035, 1036, '0')",,[],2020-10-03,17
"(1017, 1033, '0')",,[],2020-10-03,17
"(1019, 1017, '0')",,[],2020-10-03,17
"(1036, 1017, '0')",,[],2020-10-03,17
"(1037, 1017, '0')",,[],2020-10-03,17
"(507, 1023, '0')",,[],2020-10-03,17
"(1024, 1023, '0')",,[],2020-10-03,17
"(1023, 1554, '0')",,[],2020-10-03,17
"(1025, 1053, '0')",,[],2020-10-03,17
"(516, 1053, '0')",,[],2020-10-03,17
"(1025, 1031, '0')",,[],2020-10-03,17
"(1030, 1031, '0')",,[],2020-10-03,17
"(1025, 1052, '0')",,[],2020-10-03,17
"(518, 1052, '0')",,[],2020-10-03,17
"(1025, 1032, '0')",,[],2020-10-03,17
"(1027, 1032, '0')",,[],2020-10-03,17
"(1026, 1412, '0')",,[],2020-10-03,17
"(1414, 1412, '0')",,[],2020-10-03,17
"(1026, 1027, '0')",,[],2020-10-03,17
"(1032, 1027, '0')",,[],2020-10-03,17
"(1026, 1029, '0')",,[],2020-10-03,17
"(1441, 1029, '0')",,[],2020-10-03,17
"(1026, 448, '0')",,[],2020-10-03,17
"(1030, 210, '0')",,[],2020-10-03,17
"(1033, 210, '0')",,[],2020-10-03,17
"(1056, 210, '0')",,[],2020-10-03,17
"(1061, 210, '0')",,[],2020-10-03,17
"(1031, 1025, '0')",,[],2020-10-03,17
"(1032, 1025, '0')",,[],2020-10-03,17
"(1052, 1025, '0')",,[],2020-10-03,17
"(1053, 1025, '0')",,[],2020-10-03,17
"(511, 1035, '0')",,[],2020-10-03,17
"(1036, 1035, '0')",,[],2020-10-03,17
"(1035, 1555, '0')",,[],2020-10-03,17
"(512, 1046, '0')",,[],2020-10-03,17
"(1041, 515, '0')",,[],2020-10-03,17
"(1043, 1177, '0')",,[],2020-10-03,17
"(1108, 1177, '0')",,[],2020-10-03,17
"(1176, 1177, '0')",,[],2020-10-03,17
"(1183, 1177, '0')",,[],2020-10-03,17
"(1046, 1042, '0')",,[],2020-10-03,17
"(1047, 1044, '0')",,[],2020-10-03,17
"(1048, 1561, '0')",,[],2020-10-03,17
"(1052, 1560, '0')",,[],2020-10-03,17
"(1053, 1559, '0')",,[],2020-10-03,17
"(520, 1055, '0')",,[],2020-10-03,17
"(1056, 1055, '0')",,[],2020-10-03,17
"(1055, 1558, '0')",,[],2020-10-03,17
"(1057, 1059, '0')",,[],2020-10-03,17
"(1059, 1061, '0')",,[],2020-10-03,17
"(1060, 1058, '0')",,[],2020-10-03,17
"(1062, 1083, '0')",,[],2020-10-03,17
"(1078, 1083, '0')",,[],2020-10-03,17
"(1063, 1068, '0')",,[],2020-10-03,17
"(1067, 1068, '0')",,[],2020-10-03,17
"(1063, 1080, '0')",,[],2020-10-03,17
"(1079, 1080, '0')",,[],2020-10-03,17
"(1063, 1073, '0')",,[],2020-10-03,17
"(1072, 1073, '0')",,[],2020-10-03,17
"(1064, 1082, '0')",,[],2020-10-03,17
"(521, 1067, '0')",,[],2020-10-03,17
"(1068, 1067, '0')",,[],2020-10-03,17
"(1066, 675, '0')",,[],2020-10-03,17
"(1440, 675, '0')",,[],2020-10-03,17
"(1066, 1104, '0')",,[],2020-10-03,17
"(1424, 1104, '0')",,[],2020-10-03,17
"(1066, 1106, '0')",,[],2020-10-03,17
"(1438, 1106, '0')",,[],2020-10-03,17
"(1066, 1105, '0')",,[],2020-10-03,17
"(1107, 1105, '0')",,[],2020-10-03,17
"(1067, 1568, '0')",,[],2020-10-03,17
"(1068, 1063, '0')",,[],2020-10-03,17
"(1073, 1063, '0')",,[],2020-10-03,17
"(1082, 1063, '0')",,[],2020-10-03,17
"(1069, 1427, '0')",,[],2020-10-03,17
"(1071, 1427, '0')",,[],2020-10-03,17
"(1428, 1427, '0')",,[],2020-10-03,17
"(1069, 1426, '0')",,[],2020-10-03,17
"(1424, 1426, '0')",,[],2020-10-03,17
"(1070, 1074, '0')",,[],2020-10-03,17
"(1072, 1074, '0')",,[],2020-10-03,17
"(1070, 1071, '0')",,[],2020-10-03,17
"(1427, 1071, '0')",,[],2020-10-03,17
"(1071, 1070, '0')",,[],2020-10-03,17
"(1074, 1070, '0')",,[],2020-10-03,17
"(1072, 1076, '0')",,[],2020-10-03,17
"(1073, 1072, '0')",,[],2020-10-03,17
"(1074, 1072, '0')",,[],2020-10-03,17
"(1081, 1072, '0')",,[],2020-10-03,17
"(1075, 1077, '0')",,[],2020-10-03,17
"(1076, 1075, '0')",,[],2020-10-03,17
"(1078, 1079, '0')",,[],2020-10-03,17
"(1080, 1079, '0')",,[],2020-10-03,17
"(780, 1079, '0')",,[],2020-10-03,17
"(1079, 1081, '0')",,[],2020-10-03,17
"(1079, 1575, '0')",,[],2020-10-03,17
"(1080, 1433, '0')",,[],2020-10-03,17
"(776, 1433, '0')",,[],2020-10-03,17
"(1083, 1078, '0')",,[],2020-10-03,17
"(1099, 1078, '0')",,[],2020-10-03,17
"(1084, 1086, '0')",,[],2020-10-03,17
"(1085, 1086, '0')",,[],2020-10-03,17
"(1084, 1097, '0')",,[],2020-10-03,17
"(1098, 1097, '0')",,[],2020-10-03,17
"(1085, 1114, '0')",,[],2020-10-03,17
"(1127, 1114, '0')",,[],2020-10-03,17
"(1128, 1114, '0')",,[],2020-10-03,17
"(1086, 1085, '0')",,[],2020-10-03,17
"(1091, 1085, '0')",,[],2020-10-03,17
"(1096, 1098, '0')",,[],2020-10-03,17
"(523, 1184, '0')",,[],2020-10-03,17
"(1176, 1184, '0')",,[],2020-10-03,17
"(1103, 1125, '0')",,[],2020-10-03,17
"(1439, 1125, '0')",,[],2020-10-03,17
"(1103, 1116, '0')",,[],2020-10-03,17
"(1122, 1116, '0')",,[],2020-10-03,17
"(1103, 1124, '0')",,[],2020-10-03,17
"(1123, 1124, '0')",,[],2020-10-03,17
"(1103, 1121, '0')",,[],2020-10-03,17
"(1120, 1121, '0')",,[],2020-10-03,17
"(1104, 1424, '0')",,[],2020-10-03,17
"(726, 1424, '0')",,[],2020-10-03,17
"(1426, 1424, '0')",,[],2020-10-03,17
"(1106, 1438, '0')",,[],2020-10-03,17
"(1437, 1438, '0')",,[],2020-10-03,17
"(1109, 1479, '0')",,[],2020-10-03,17
"(1478, 1479, '0')",,[],2020-10-03,17
"(1145, 1479, '0')",,[],2020-10-03,17
"(1109, 1137, '0')",,[],2020-10-03,17
"(1136, 1137, '0')",,[],2020-10-03,17
"(1110, 1112, '0')",,[],2020-10-03,17
"(1110, 1483, '0')",,[],2020-10-03,17
"(1111, 1483, '0')",,[],2020-10-03,17
"(1111, 1132, '0')",,[],2020-10-03,17
"(530, 1132, '0')",,[],2020-10-03,17
"(1111, 1478, '0')",,[],2020-10-03,17
"(1479, 1478, '0')",,[],2020-10-03,17
"(1112, 1113, '0')",,[],2020-10-03,17
"(1126, 1113, '0')",,[],2020-10-03,17
"(1127, 1113, '0')",,[],2020-10-03,17
"(1113, 1127, '0')",,[],2020-10-03,17
"(1114, 1127, '0')",,[],2020-10-03,17
"(1113, 1126, '0')",,[],2020-10-03,17
"(1117, 1126, '0')",,[],2020-10-03,17
"(1114, 1128, '0')",,[],2020-10-03,17
"(1129, 1128, '0')",,[],2020-10-03,17
"(1114, 1111, '0')",,[],2020-10-03,17
"(1132, 1111, '0')",,[],2020-10-03,17
"(1483, 1111, '0')",,[],2020-10-03,17
"(525, 1129, '0')",,[],2020-10-03,17
"(1128, 1129, '0')",,[],2020-10-03,17
"(1116, 1122, '0')",,[],2020-10-03,17
"(1453, 1122, '0')",,[],2020-10-03,17
"(1116, 1103, '0')",,[],2020-10-03,17
"(1121, 1103, '0')",,[],2020-10-03,17
"(1124, 1103, '0')",,[],2020-10-03,17
"(1125, 1103, '0')",,[],2020-10-03,17
"(1117, 1454, '0')",,[],2020-10-03,17
"(1452, 1454, '0')",,[],2020-10-03,17
"(526, 1185, '0')",,[],2020-10-03,17
"(1178, 1185, '0')",,[],2020-10-03,17
"(1121, 1120, '0')",,[],2020-10-03,17
"(1460, 1120, '0')",,[],2020-10-03,17
"(1122, 1453, '0')",,[],2020-10-03,17
"(1455, 1453, '0')",,[],2020-10-03,17
"(1123, 1149, '0')",,[],2020-10-03,17
"(1171, 1149, '0')",,[],2020-10-03,17
"(1125, 1439, '0')",,[],2020-10-03,17
"(1436, 1439, '0')",,[],2020-10-03,17
"(1126, 1117, '0')",,[],2020-10-03,17
"(1454, 1117, '0')",,[],2020-10-03,17
"(1129, 1580, '0')",,[],2020-10-03,17
"(1132, 1586, '0')",,[],2020-10-03,17
"(1133, 1110, '0')",,[],2020-10-03,17
"(1479, 1110, '0')",,[],2020-10-03,17
"(1483, 1110, '0')",,[],2020-10-03,17
"(1134, 1136, '0')",,[],2020-10-03,17
"(1137, 1136, '0')",,[],2020-10-03,17
"(1134, 1469, '0')",,[],2020-10-03,17
"(1465, 1469, '0')",,[],2020-10-03,17
"(1136, 1134, '0')",,[],2020-10-03,17
"(1469, 1134, '0')",,[],2020-10-03,17
"(1138, 409, '0')",,[],2020-10-03,17
"(1139, 409, '0')",,[],2020-10-03,17
"(1148, 409, '0')",,[],2020-10-03,17
"(1139, 1140, '0')",,[],2020-10-03,17
"(1141, 1140, '0')",,[],2020-10-03,17
"(1140, 1141, '0')",,[],2020-10-03,17
"(533, 1141, '0')",,[],2020-10-03,17
"(1141, 1594, '0')",,[],2020-10-03,17
"(1143, 1147, '0')",,[],2020-10-03,17
"(1147, 535, '0')",,[],2020-10-03,17
"(1149, 1171, '0')",,[],2020-10-03,17
"(1170, 1171, '0')",,[],2020-10-03,17
"(1150, 1467, '0')",,[],2020-10-03,17
"(1468, 1467, '0')",,[],2020-10-03,17
"(1150, 1156, '0')",,[],2020-10-03,17
"(1157, 1156, '0')",,[],2020-10-03,17
"(1150, 1609, '0')",,[],2020-10-03,17
"(1151, 422, '0')",,[],2020-10-03,17
"(1153, 422, '0')",,[],2020-10-03,17
"(1154, 422, '0')",,[],2020-10-03,17
"(1157, 422, '0')",,[],2020-10-03,17
"(1151, 1597, '0')",,[],2020-10-03,17
"(1152, 1170, '0')",,[],2020-10-03,17
"(1171, 1170, '0')",,[],2020-10-03,17
"(1174, 1170, '0')",,[],2020-10-03,17
"(1175, 1170, '0')",,[],2020-10-03,17
"(1154, 1152, '0')",,[],2020-10-03,17
"(1170, 1152, '0')",,[],2020-10-03,17
"(1156, 1150, '0')",,[],2020-10-03,17
"(1467, 1150, '0')",,[],2020-10-03,17
"(1092, 1150, '0')",,[],2020-10-03,17
"(1159, 1598, '0')",,[],2020-10-03,17
"(1160, 1168, '0')",,[],2020-10-03,17
"(1167, 1168, '0')",,[],2020-10-03,17
"(1160, 427, '0')",,[],2020-10-03,17
"(1160, 1166, '0')",,[],2020-10-03,17
"(1165, 1166, '0')",,[],2020-10-03,17
"(1160, 1164, '0')",,[],2020-10-03,17
"(1163, 1164, '0')",,[],2020-10-03,17
"(538, 1165, '0')",,[],2020-10-03,17
"(1166, 1165, '0')",,[],2020-10-03,17
"(1162, 1179, '0')",,[],2020-10-03,17
"(1178, 1179, '0')",,[],2020-10-03,17
"(1180, 1179, '0')",,[],2020-10-03,17
"(1182, 1179, '0')",,[],2020-10-03,17
"(1162, 1188, '0')",,[],2020-10-03,17
"(1189, 1188, '0')",,[],2020-10-03,17
"(1163, 1599, '0')",,[],2020-10-03,17
"(1165, 1600, '0')",,[],2020-10-03,17
"(1167, 1189, '0')",,[],2020-10-03,17
"(1188, 1189, '0')",,[],2020-10-03,17
"(1190, 1189, '0')",,[],2020-10-03,17
"(1191, 1189, '0')",,[],2020-10-03,17
"(1168, 1167, '0')",,[],2020-10-03,17
"(1189, 1167, '0')",,[],2020-10-03,17
"(1169, 407, '0')",,[],2020-10-03,17
"(1170, 1175, '0')",,[],2020-10-03,17
"(540, 1175, '0')",,[],2020-10-03,17
"(1170, 1174, '0')",,[],2020-10-03,17
"(541, 1174, '0')",,[],2020-10-03,17
"(1174, 1593, '0')",,[],2020-10-03,17
"(1175, 1592, '0')",,[],2020-10-03,17
"(1177, 1421, '0')",,[],2020-10-03,17
"(1177, 1183, '0')",,[],2020-10-03,17
"(1181, 1183, '0')",,[],2020-10-03,17
"(1177, 1176, '0')",,[],2020-10-03,17
"(1184, 1176, '0')",,[],2020-10-03,17
"(1179, 1182, '0')",,[],2020-10-03,17
"(1448, 1182, '0')",,[],2020-10-03,17
"(1179, 1180, '0')",,[],2020-10-03,17
"(1461, 1180, '0')",,[],2020-10-03,17
"(1179, 1162, '0')",,[],2020-10-03,17
"(1188, 1162, '0')",,[],2020-10-03,17
"(1179, 1178, '0')",,[],2020-10-03,17
"(1185, 1178, '0')",,[],2020-10-03,17
"(1181, 1447, '0')",,[],2020-10-03,17
"(1449, 1447, '0')",,[],2020-10-03,17
"(1182, 1448, '0')",,[],2020-10-03,17
"(1446, 1448, '0')",,[],2020-10-03,17
"(1183, 1181, '0')",,[],2020-10-03,17
"(1447, 1181, '0')",,[],2020-10-03,17
"(1184, 1573, '0')",,[],2020-10-03,17
"(1185, 1585, '0')",,[],2020-10-03,17
"(543, 1190, '0')",,[],2020-10-03,17
"(1189, 1190, '0')",,[],2020-10-03,17
"(544, 1191, '0')",,[],2020-10-03,17
"(1189, 1191, '0')",,[],2020-10-03,17
"(1190, 1590, '0')",,[],2020-10-03,17
"(1191, 1591, '0')",,[],2020-10-03,17
"(1192, 362, '0')",,[],2020-10-03,17
"(1192, 1603, '0')",,[],2020-10-03,17
"(1193, 702, '0')",,[],2020-10-03,17
"(1196, 1222, '0')",,[],2020-10-03,17
"(1221, 1222, '0')",,[],2020-10-03,17
"(1196, 769, '0')",,[],2020-10-03,17
"(1211, 769, '0')",,[],2020-10-03,17
"(1221, 769, '0')",,[],2020-10-03,17
"(549, 1201, '0')",,[],2020-10-03,17
"(1200, 1201, '0')",,[],2020-10-03,17
"(1200, 794, '0')",,[],2020-10-03,17
"(1201, 1347, '0')",,[],2020-10-03,17
"(1202, 1207, '0')",,[],2020-10-03,17
"(550, 1207, '0')",,[],2020-10-03,17
"(1202, 804, '0')",,[],2020-10-03,17
"(1203, 1204, '0')",,[],2020-10-03,17
"(1203, 1209, '0')",,[],2020-10-03,17
"(552, 1209, '0')",,[],2020-10-03,17
"(1204, 803, '0')",,[],2020-10-03,17
"(1205, 1210, '0')",,[],2020-10-03,17
"(1207, 1376, '0')",,[],2020-10-03,17
"(1209, 1383, '0')",,[],2020-10-03,17
"(1211, 1213, '0')",,[],2020-10-03,17
"(553, 1213, '0')",,[],2020-10-03,17
"(1213, 1321, '0')",,[],2020-10-03,17
"(1214, 1215, '0')",,[],2020-10-03,17
"(1216, 1215, '0')",,[],2020-10-03,17
"(1215, 569, '0')",,[],2020-10-03,17
"(1222, 568, '0')",,[],2020-10-03,17
"(1224, 1226, '0')",,[],2020-10-03,17
"(562, 1226, '0')",,[],2020-10-03,17
"(1226, 1331, '0')",,[],2020-10-03,17
"(1228, 1229, '0')",,[],2020-10-03,17
"(1233, 1229, '0')",,[],2020-10-03,17
"(1229, 809, '0')",,[],2020-10-03,17
"(1231, 1235, '0')",,[],2020-10-03,17
"(1235, 1236, '0')",,[],2020-10-03,17
"(1238, 1236, '0')",,[],2020-10-03,17
"(1235, 1237, '0')",,[],2020-10-03,17
"(1238, 1237, '0')",,[],2020-10-03,17
"(1236, 810, '0')",,[],2020-10-03,17
"(1241, 1400, '0')",,[],2020-10-03,17
"(1247, 829, '0')",,[],2020-10-03,17
"(1248, 856, '0')",,[],2020-10-03,17
"(1248, 1485, '0')",,[],2020-10-03,17
"(1250, 857, '0')",,[],2020-10-03,17
"(1250, 1491, '0')",,[],2020-10-03,17
"(1260, 1487, '0')",,[],2020-10-03,17
"(1260, 811, '0')",,[],2020-10-03,17
"(1252, 830, '0')",,[],2020-10-03,17
"(1259, 1255, '0')",,[],2020-10-03,17
"(1287, 1505, '0')",,[],2020-10-03,17
"(1287, 878, '0')",,[],2020-10-03,17
"(1261, 1263, '0')",,[],2020-10-03,17
"(1265, 1263, '0')",,[],2020-10-03,17
"(575, 1263, '0')",,[],2020-10-03,17
"(1261, 1260, '0')",,[],2020-10-03,17
"(1265, 1260, '0')",,[],2020-10-03,17
"(574, 1260, '0')",,[],2020-10-03,17
"(1293, 1510, '0')",,[],2020-10-03,17
"(1293, 1296, '0')",,[],2020-10-03,17
"(610, 1296, '0')",,[],2020-10-03,17
"(1293, 873, '0')",,[],2020-10-03,17
"(1293, 1291, '0')",,[],2020-10-03,17
"(1263, 812, '0')",,[],2020-10-03,17
"(1263, 1486, '0')",,[],2020-10-03,17
"(1304, 1514, '0')",,[],2020-10-03,17
"(1264, 1265, '0')",,[],2020-10-03,17
"(1324, 1520, '0')",,[],2020-10-03,17
"(1324, 1314, '0')",,[],2020-10-03,17
"(1310, 1314, '0')",,[],2020-10-03,17
"(1315, 1314, '0')",,[],2020-10-03,17
"(622, 1314, '0')",,[],2020-10-03,17
"(1267, 868, '0')",,[],2020-10-03,17
"(1267, 1500, '0')",,[],2020-10-03,17
"(1268, 1271, '0')",,[],2020-10-03,17
"(1269, 1271, '0')",,[],2020-10-03,17
"(1274, 1271, '0')",,[],2020-10-03,17
"(576, 1271, '0')",,[],2020-10-03,17
"(1270, 865, '0')",,[],2020-10-03,17
"(1271, 1274, '0')",,[],2020-10-03,17
"(578, 1274, '0')",,[],2020-10-03,17
"(1271, 849, '0')",,[],2020-10-03,17
"(1271, 1270, '0')",,[],2020-10-03,17
"(1271, 1499, '0')",,[],2020-10-03,17
"(1274, 1498, '0')",,[],2020-10-03,17
"(1275, 1269, '0')",,[],2020-10-03,17
"(1276, 1267, '0')",,[],2020-10-03,17
"(582, 1267, '0')",,[],2020-10-03,17
"(1276, 1496, '0')",,[],2020-10-03,17
"(1390, 1543, '0')",,[],2020-10-03,17
"(1390, 1387, '0')",,[],2020-10-03,17
"(650, 1387, '0')",,[],2020-10-03,17
"(1391, 1387, '0')",,[],2020-10-03,17
"(1279, 870, '0')",,[],2020-10-03,17
"(1286, 1287, '0')",,[],2020-10-03,17
"(1288, 1287, '0')",,[],2020-10-03,17
"(607, 1287, '0')",,[],2020-10-03,17
"(1286, 879, '0')",,[],2020-10-03,17
"(1286, 1506, '0')",,[],2020-10-03,17
"(1291, 891, '0')",,[],2020-10-03,17
"(1424, 1570, '0')",,[],2020-10-03,17
"(1625, 1577, '0')",,[],2020-10-03,17
"(1452, 1581, '0')",,[],2020-10-03,17
"(1452, 1455, '0')",,[],2020-10-03,17
"(1453, 1455, '0')",,[],2020-10-03,17
"(927, 1455, '0')",,[],2020-10-03,17
"(1296, 1509, '0')",,[],2020-10-03,17
"(1297, 1292, '0')",,[],2020-10-03,17
"(1299, 884, '0')",,[],2020-10-03,17
"(1299, 1511, '0')",,[],2020-10-03,17
"(1303, 34, '0')",,[],2020-10-03,17
"(1305, 34, '0')",,[],2020-10-03,17
"(1620, 34, '0')",,[],2020-10-03,17
"(614, 34, '0')",,[],2020-10-03,17
"(1303, 534, '0')",,[],2020-10-03,17
"(1305, 1304, '0')",,[],2020-10-03,17
"(613, 1304, '0')",,[],2020-10-03,17
"(1306, 1516, '0')",,[],2020-10-03,17
"(1308, 1517, '0')",,[],2020-10-03,17
"(1312, 1622, '0')",,[],2020-10-03,17
"(1313, 1328, '0')",,[],2020-10-03,17
"(1313, 899, '0')",,[],2020-10-03,17
"(1480, 1612, '0')",,[],2020-10-03,17
"(1480, 1148, '0')",,[],2020-10-03,17
"(1314, 1312, '0')",,[],2020-10-03,17
"(1314, 1324, '0')",,[],2020-10-03,17
"(619, 1324, '0')",,[],2020-10-03,17
"(1314, 1316, '0')",,[],2020-10-03,17
"(1314, 1519, '0')",,[],2020-10-03,17
"(1316, 1320, '0')",,[],2020-10-03,17
"(1326, 1320, '0')",,[],2020-10-03,17
"(1316, 1319, '0')",,[],2020-10-03,17
"(1326, 1319, '0')",,[],2020-10-03,17
"(1319, 1310, '0')",,[],2020-10-03,17
"(1320, 898, '0')",,[],2020-10-03,17
"(1327, 1313, '0')",,[],2020-10-03,17
"(1622, 1313, '0')",,[],2020-10-03,17
"(1328, 1315, '0')",,[],2020-10-03,17
"(1332, 1340, '0')",,[],2020-10-03,17
"(1333, 1340, '0')",,[],2020-10-03,17
"(1332, 1341, '0')",,[],2020-10-03,17
"(1333, 1341, '0')",,[],2020-10-03,17
"(1343, 1341, '0')",,[],2020-10-03,17
"(1335, 1342, '0')",,[],2020-10-03,17
"(1336, 1342, '0')",,[],2020-10-03,17
"(1340, 1345, '0')",,[],2020-10-03,17
"(1341, 1343, '0')",,[],2020-10-03,17
"(1341, 1336, '0')",,[],2020-10-03,17
"(1342, 900, '0')",,[],2020-10-03,17
"(1342, 1332, '0')",,[],2020-10-03,17
"(1345, 1339, '0')",,[],2020-10-03,17
"(1350, 896, '0')",,[],2020-10-03,17
"(1354, 909, '0')",,[],2020-10-03,17
"(1356, 906, '0')",,[],2020-10-03,17
"(1357, 907, '0')",,[],2020-10-03,17
"(1358, 908, '0')",,[],2020-10-03,17
"(1360, 1530, '0')",,[],2020-10-03,17
"(628, 1360, '0')",,[],2020-10-03,17
"(1363, 1360, '0')",,[],2020-10-03,17
"(1364, 1360, '0')",,[],2020-10-03,17
"(630, 1374, '0')",,[],2020-10-03,17
"(1371, 1374, '0')",,[],2020-10-03,17
"(642, 1373, '0')",,[],2020-10-03,17
"(1371, 1373, '0')",,[],2020-10-03,17
"(1368, 1371, '0')",,[],2020-10-03,17
"(1373, 1371, '0')",,[],2020-10-03,17
"(1374, 1371, '0')",,[],2020-10-03,17
"(1377, 1371, '0')",,[],2020-10-03,17
"(1368, 939, '0')",,[],2020-10-03,17
"(1369, 1372, '0')",,[],2020-10-03,17
"(1377, 1372, '0')",,[],2020-10-03,17
"(1370, 1369, '0')",,[],2020-10-03,17
"(1372, 1369, '0')",,[],2020-10-03,17
"(1370, 940, '0')",,[],2020-10-03,17
"(1371, 1377, '0')",,[],2020-10-03,17
"(1372, 1377, '0')",,[],2020-10-03,17
"(1373, 1536, '0')",,[],2020-10-03,17
"(1374, 1535, '0')",,[],2020-10-03,17
"(1378, 1539, '0')",,[],2020-10-03,17
"(1387, 1390, '0')",,[],2020-10-03,17
"(1389, 1390, '0')",,[],2020-10-03,17
"(651, 1390, '0')",,[],2020-10-03,17
"(1387, 1542, '0')",,[],2020-10-03,17
"(1389, 961, '0')",,[],2020-10-03,17
"(1391, 671, '0')",,[],2020-10-03,17
"(1397, 988, '0')",,[],2020-10-03,17
"(1398, 987, '0')",,[],2020-10-03,17
"(1406, 1408, '0')",,[],2020-10-03,17
"(1407, 1408, '0')",,[],2020-10-03,17
"(1406, 1013, '0')",,[],2020-10-03,17
"(1407, 1012, '0')",,[],2020-10-03,17
"(1410, 1414, '0')",,[],2020-10-03,17
"(1412, 1414, '0')",,[],2020-10-03,17
"(660, 1414, '0')",,[],2020-10-03,17
"(1410, 1557, '0')",,[],2020-10-03,17
"(659, 1410, '0')",,[],2020-10-03,17
"(1413, 1410, '0')",,[],2020-10-03,17
"(1414, 1410, '0')",,[],2020-10-03,17
"(1412, 79, '0')",,[],2020-10-03,17
"(1413, 1028, '0')",,[],2020-10-03,17
"(1414, 1556, '0')",,[],2020-10-03,17
"(1426, 1069, '0')",,[],2020-10-03,17
"(1427, 1069, '0')",,[],2020-10-03,17
"(1427, 1428, '0')",,[],2020-10-03,17
"(727, 1428, '0')",,[],2020-10-03,17
"(1428, 1569, '0')",,[],2020-10-03,17
"(1433, 1574, '0')",,[],2020-10-03,17
"(1436, 1437, '0')",,[],2020-10-03,17
"(1438, 1437, '0')",,[],2020-10-03,17
"(1436, 1624, '0')",,[],2020-10-03,17
"(781, 1624, '0')",,[],2020-10-03,17
"(1436, 1625, '0')",,[],2020-10-03,17
"(922, 1625, '0')",,[],2020-10-03,17
"(1440, 1443, '0')",,[],2020-10-03,17
"(1442, 1443, '0')",,[],2020-10-03,17
"(1446, 1449, '0')",,[],2020-10-03,17
"(1447, 1449, '0')",,[],2020-10-03,17
"(923, 1449, '0')",,[],2020-10-03,17
"(1446, 1578, '0')",,[],2020-10-03,17
"(1448, 1446, '0')",,[],2020-10-03,17
"(1449, 1446, '0')",,[],2020-10-03,17
"(925, 1446, '0')",,[],2020-10-03,17
"(1449, 1579, '0')",,[],2020-10-03,17
"(1454, 1452, '0')",,[],2020-10-03,17
"(1455, 1452, '0')",,[],2020-10-03,17
"(948, 1452, '0')",,[],2020-10-03,17
"(1455, 1582, '0')",,[],2020-10-03,17
"(1466, 1468, '0')",,[],2020-10-03,17
"(1467, 1468, '0')",,[],2020-10-03,17
"(1478, 1480, '0')",,[],2020-10-03,17
"(1100, 1480, '0')",,[],2020-10-03,17
"(1479, 1613, '0')",,[],2020-10-03,17
"(1195, 1616, '0')",,[],2020-10-03,17
"(1616, 604, '0')",,[],2020-10-03,17
"(1619, 631, '0')",,[],2020-10-03,17
"(1623, 1605, '0')",,[],2020-10-03,17
